,h_cost,r_cost,C_cost,total_cost,mean_p,mean_wait,mean_queue,mean_orbit,mean_server,x_T,y_T,mean_p_time,mean_congested_time,h_cost,r_cost,C_cost,total_cost,mean_p,mean_wait,mean_queue,mean_orbit,mean_server,x_T,y_T,mean_p_time,mean_congested_time,h_cost,r_cost,C_cost,total_cost,mean_p,mean_wait,mean_queue,mean_orbit,mean_server,x_T,y_T,mean_p_time,mean_congested_time
0,596.2860734746843,4380.0,178.9304800597591,5155.216553534444,0.1875962699401083,4.656703895995941,52.21070183237486,33.03328646103928,46.24768670059953,56,25,0.456600634509021,0.1875962699401404,373.1953411309429,4415.0,184.40326162160827,4972.598602752551,0.18738275902513352,4.327473886125334,49.56913114720067,32.36395398430493,45.83716963221462,63,25,0.3875120707144881,0.18738275902502455,,,,,,,,,,,,,
1,669.2891986053249,4343.0,178.51507825738477,5190.804276862709,0.18759626994010736,4.753480275809244,53.40441505611909,32.31005246626306,46.71152307006629,46,32,0.48301394059420144,0.1875962699401405,871.3224420747164,4304.0,186.600149445131,5361.922591519848,0.18738275902513477,4.712195358127778,55.76743577763958,32.15386813573272,47.05421135689262,41,30,0.5422646948570516,0.18738275902502588,,,,,,,,,,,,,
2,571.0266331680986,4400.0,179.67666477883893,5150.703297946938,0.18759626994011,4.5095988312194155,52.16495394253193,32.382939871924535,46.45462587295243,66,37,0.465124289804886,0.18759626994013728,1033.9977017665049,4369.0,185.41414840996836,5588.411850176473,0.1873827590251341,4.7782032150182285,56.9164663752467,32.2616869753809,46.57642722182645,59,28,0.5141301749201347,0.1873827590250255,,,,,,,,,,,,,
3,983.5953158604133,4435.0,179.63050902301956,5598.225824883433,0.1875962699401099,4.627317405076572,56.49090933297164,34.01241455073074,46.65455018621263,80,25,0.5115805800953154,0.18759626994013853,767.999563126501,4362.0,185.8519340269747,5315.851497153476,0.18738275902513435,4.6733520041665155,54.702204108110166,33.59838154659121,47.02200422332998,69,34,0.5329648852805731,0.1873827590250252,,,,,,,,,,,,,
4,699.0143885749345,4446.0,181.70751803489122,5326.721906609826,0.1875962699401145,4.602332352590349,54.065646971692175,34.309853551589676,47.07550308594297,40,30,0.5313394322958668,0.18759626994013764,778.38020683901,4270.0,184.98432253145305,5233.364529370464,0.18738275902513385,4.946066175287323,54.636863718823015,32.14802765218523,46.85306165043305,45,23,0.529308484042202,0.1873827590250239,,,,,,,,,,,,,
5,671.3650009941651,4270.0,178.7612422884214,5120.126243282586,0.18759626994010792,4.428426786696926,53.023816301656254,32.276036591780084,46.310136327963896,53,27,0.4618635586631994,0.18759626994013961,614.3872089155475,4293.0,184.32366423669802,5091.710873152246,0.18738275902513346,4.5273666033537685,52.45798118859647,32.72686837577691,46.314017287541404,56,32,0.466993323147752,0.1873827590250263,,,,,,,,,,,,,
6,824.1565102061992,4346.0,179.77666891644756,5349.933179122647,0.18759626994011022,4.796036428608292,55.19448362907596,31.90705245703027,46.95279860827525,58,31,0.519069100870221,0.18759626994013934,632.6886553498862,4374.0,186.99813636968221,5193.686791719569,0.187382759025135,4.60611498299074,53.08692319018515,33.32122579026577,46.76003663668657,45,46,0.4898845248240325,0.18738275902502505,,,,,,,,,,,,,
7,531.976842034913,4321.0,178.3073773561976,5031.28421939111,0.1875962699401069,4.483850513600434,51.41200249345951,32.755925858327615,46.09201366853091,63,40,0.40946632677776734,0.18759626994014028,1246.1544155026982,4592.0,188.35925165164738,6026.513667154346,0.18738275902513576,4.778435708552928,60.09013032355235,34.26434145733337,47.628570964994665,51,32,0.6496878423809422,0.18738275902502396,,,,,,,,,,,,,
8,1467.0688661098866,4301.0,180.8228660483533,5948.89173215824,0.18759626994011255,4.99323475789434,62.503920421992255,30.66791274582187,47.833231760893305,37,57,0.6476076240559067,0.18759626994013892,810.0212376237613,4493.0,188.61396328336016,5491.6352009071215,0.1873827590251359,4.60579533255099,56.001324378744386,33.95587893779933,47.901089035159735,51,36,0.6333428443668085,0.18738275902502502,,,,,,,,,,,,,
9,762.7281229733302,4392.0,180.06898870330357,5334.797111676633,0.18759626994011086,4.559039088911854,54.42147421861214,33.22730905900771,46.79419298887844,43,31,0.5112476134383992,0.18759626994013873,765.3911413453267,4352.0,185.97133010434007,5303.362471449667,0.1873827590251344,4.500388519259072,54.81310162611431,32.718385342597315,47.15919021266082,44,23,0.5492226122824267,0.187382759025025,,,,,,,,,,,,,
10,1269.7552653729108,4527.0,183.01526444977338,5979.770529822684,0.18759626994011736,4.855869288059045,60.686699009738156,33.38476163997597,47.98914635600927,50,35,0.670314162173716,0.18759626994013864,592.256208654383,4306.0,185.22311468618378,5083.479323340567,0.187382759025134,4.5460885335922745,52.30749564077946,32.46941190614113,46.384921486060996,51,42,0.4776523122320503,0.1873827590250256,,,,,,,,,,,,,
11,740.3097884927355,4346.0,179.91513618390567,5266.224924676641,0.18759626994011053,5.170253603936132,54.23295774690037,32.13753536125418,46.82985986197299,49,35,0.5094471416080406,0.18759626994013898,557.3824939031243,4439.0,186.32155859794514,5182.70405250107,0.18738275902513463,4.742806819082228,52.47095328005674,32.8095319811495,46.897128341025,43,24,0.5059337063457436,0.18738275902502582,,,,,,,,,,,,,
12,696.9258767993066,4283.0,179.7382057865981,5159.664082585905,0.18759626994011014,4.708591082270634,53.532860442322225,31.558680972735736,46.563601674329014,49,28,0.5033739321375676,0.18759626994013767,525.0754846318707,4315.0,183.48789169514046,5023.563376327011,0.187382759025133,4.580460976473774,51.904808149352945,32.24369975234211,46.65405330303454,49,37,0.46196991407653276,0.18738275902502552,,,,,,,,,,,,,
13,828.7740201295172,4359.0,178.91509480781932,5366.689114937337,0.18759626994010828,4.6707708929851,55.33140150308395,32.363835673000985,47.043186783931446,61,28,0.536175537151513,0.1875962699401383,773.2355658041537,4388.0,186.02704827377724,5347.26261407793,0.18738275902513446,4.721456104069778,54.642592150838865,32.39821409519566,46.910220214816746,59,33,0.5117747252652616,0.18738275902502596,,,,,,,,,,,,,
14,2487.7310918368253,4475.0,181.2690383546072,7144.000130191433,0.18759626994011352,5.335380049442736,72.46370144962805,33.26487098928433,47.58637831858142,57,27,0.6519016936601323,0.1875962699401384,707.8668001705012,4397.0,185.18331599372866,5290.05011616423,0.18738275902513396,4.646811490956341,53.367950905146444,33.38700318718679,46.28878539639764,63,34,0.4469262298124914,0.18738275902502363,,,,,,,,,,,,,
15,672.4003605894554,4380.0,180.29207485643053,5232.692435445886,0.18759626994011136,4.394822654603648,53.312170612504815,31.79212539697897,46.58816700661056,38,30,0.48150250268468975,0.18759626994013712,506.3749848005132,4270.0,185.3982289329863,4961.773213733499,0.1873827590251341,4.507633277127763,51.2511429048203,31.56853378252856,46.18739305681534,44,34,0.4387122207438481,0.18738275902502446,,,,,,,,,,,,,
16,666.3941885202053,4429.0,179.81513204629704,5275.209320566502,0.1875962699401103,4.43561679909589,53.426121441168476,33.78180650534941,46.762179555966426,43,29,0.5260951737315245,0.1875962699401374,651.6374517139639,4336.0,184.71369142275822,5172.351143136722,0.18738275902513368,4.597420638439968,52.99856258359823,33.38987087515521,46.48218806645867,43,38,0.45658945050819405,0.18738275902502327,,,,,,,,,,,,,
17,921.7762636609219,4391.0,181.00748907163077,5493.783752732553,0.18759626994011297,4.895002757413533,56.60935630590569,32.77327721825726,47.39159366929631,50,40,0.5571957248204399,0.1875962699401379,1341.1317731676256,4320.0,185.46986657940553,5846.601639747031,0.18738275902513413,4.898709392407985,60.22656375276513,32.20422997608691,46.815246021089074,44,32,0.5532569453211316,0.18738275902502569,,,,,,,,,,,,,
18,627.5777955034996,4512.0,181.66136227907185,5321.239157782571,0.1875962699401144,4.4659190126403425,53.18041201497415,34.83677215097895,46.90463405993966,38,30,0.5176093805177168,0.18759626994013717,734.9238824363608,4464.0,188.16025818937177,5387.084140625733,0.18738275902513565,4.603399493039049,54.190971242895024,33.37743523851267,46.84156703851877,58,27,0.524277464201704,0.1873827590250215,,,,,,,,,,,,,
19,639.5441476929332,4269.0,178.44584462365572,5086.989992316589,0.1875962699401072,4.888838738490886,52.74813844816184,31.538753194899332,46.3526969712325,33,35,0.4699848805135571,0.18759626994013884,546.1657839605721,4366.0,186.36135729040026,5098.527141250973,0.18738275902513463,4.732957843607737,51.785414875604715,33.08960357888664,46.32369025546209,53,30,0.4490086414966163,0.18738275902502538,,,,,,,,,,,,,
20,807.1628415625913,4338.0,178.44584462365572,5323.608686186247,0.1875962699401072,4.593569320233181,54.69635082498677,32.23749004151968,46.623427197573186,77,30,0.5012717803998058,0.18759626994013837,649.374940023849,4317.0,184.7375706382313,5151.11251066208,0.1873827590251337,4.475767085597806,52.97430004374994,32.926616756762854,46.480550643511165,46,39,0.46924533334827023,0.18738275902502513,,,,,,,,,,,,,
21,633.0665498000403,4423.0,181.284423606547,5237.3509734065865,0.18759626994011358,4.558009791263699,53.32437472137783,32.65610988966247,46.99370922337747,43,29,0.5087961112112461,0.18759626994013948,1093.8978205491587,4471.0,188.92439308451011,5753.822213633669,0.18738275902513607,4.95141169099456,58.08119523733174,33.40694293740107,47.14162702298846,75,38,0.5630116138080443,0.18738275902502302,,,,,,,,,,,,,
22,951.0024967862512,4539.0,181.66905490504175,5671.671551691293,0.1875962699401144,4.7344828060838635,57.30553972014917,33.43361967686672,47.79551475228717,47,33,0.6276467242536542,0.18759626994013853,611.9817039114665,4294.0,186.58422996814895,5092.565933879616,0.18738275902513477,4.643347969582027,52.991616756728114,31.44436185504283,46.87179971761339,48,26,0.5057641700894626,0.18738275902502524,,,,,,,,,,,,,
23,642.4574898895871,4362.0,181.40750562206532,5185.8649955116525,0.18759626994011383,4.588482110526629,53.562349219586395,32.186514253568156,47.13777432069054,37,37,0.5317304110741491,0.18759626994013862,1036.1525070065381,4415.0,187.00609610817324,5638.158603114712,0.18738275902513502,4.611779912964705,57.60492074073858,32.74723798687092,47.24339567067309,45,39,0.5626601373496709,0.18738275902502705,,,,,,,,,,,,,
24,522.370417095531,4462.0,179.79974679435725,5164.170163889888,0.18759626994011028,4.5142977708424015,51.73661644091238,34.20252738794565,46.51291226995678,43,26,0.44978634315629584,0.1875962699401374,2318.9284385187043,4405.0,187.63491544896416,6911.563353967668,0.18738275902513535,5.295622617352706,70.89958347928851,33.75158971097178,47.71029909410154,37,36,0.653521446361079,0.18738275902502435,,,,,,,,,,,,,
25,1288.4518065043987,4452.0,182.79987092261632,5923.251677427015,0.18759626994011688,5.012230310479682,60.3378945334358,32.20822616996893,47.45332433671213,53,33,0.6090755740186143,0.18759626994013925,554.4627055985319,4522.0,186.36135729040026,5262.8240628889325,0.18738275902513463,4.466498514479338,52.15764588784012,33.79737341436686,46.61301883185495,38,31,0.486803152092134,0.18738275902502483,,,,,,,,,,,,,
26,717.8401424992553,4328.0,181.0998005832695,5226.939943082525,0.18759626994011316,4.51063754548932,54.362742998309635,32.676843150116504,47.18431969787144,51,42,0.5514865163266894,0.18759626994013803,910.6418116970594,4363.0,186.0827664432144,5459.724578140274,0.1873827590251345,4.669819809957531,55.48961985930663,32.914264376179275,46.38320174233595,43,32,0.4823700579401843,0.18738275902502474,,,,,,,,,,,,,
27,985.5181421922625,4516.0,179.78436154241746,5681.30250373468,0.18759626994011022,4.843146762025041,57.026402752015805,34.15918447566178,47.171049992928005,140,38,0.5664209904902177,0.1875962699401375,924.5656150078784,4446.0,185.4221081484594,5555.987723156338,0.1873827590251341,4.748590733334849,56.143779160974475,32.65980691414251,46.89812301089553,48,25,0.5373655586781747,0.18738275902502577,,,,,,,,,,,,,
28,644.3650924690676,4363.0,177.76889353830495,5185.133986007372,0.18759626994010567,4.74503135424322,53.017535295078844,32.61427801349102,46.573884370387916,36,34,0.4848596144779107,0.1875962699401383,925.0509950430489,4328.0,185.01616148541714,5438.067156528466,0.18738275902513388,4.797600951323024,56.29876273288949,32.36342423350586,47.04615346155836,110,26,0.5463668389804772,0.18738275902502666,,,,,,,,,,,,,
29,759.0305310817974,4484.0,179.28434085437428,5422.314871936172,0.1875962699401091,4.570147286074467,53.965768395572276,34.17584749981032,46.374600151102534,64,28,0.45466785619904143,0.18759626994014,767.1251360991325,4432.0,187.34040512479626,5386.465541223929,0.18738275902513518,4.89101459032614,54.92958286219653,32.98621628546155,47.258331501204935,47,30,0.5528034353484528,0.1873827590250243,,,,,,,,,,,,,
30,583.3162345864566,4336.0,179.46127125168186,5098.7775058381385,0.1875962699401095,4.672725289574512,52.059486849325175,32.44804979227726,46.22632450346037,47,29,0.4294395172916498,0.18759626994013973,446.1183274289881,4375.0,185.07983939334534,5006.198166822333,0.1873827590251339,4.359375597777827,50.12760267025298,32.5993258385047,45.66636931366828,65,35,0.38837472778800375,0.1873827590250261,,,,,,,,,,,,,
31,816.6622048784777,4393.0,178.84586117409026,5388.508066052567,0.1875962699401081,4.645297128779259,54.565353146927364,32.730385503452055,46.397629879214655,87,40,0.4987636716553347,0.187596269940139,734.7704355178126,4279.0,187.38020381725138,5201.150639335065,0.1873827590251352,4.704948041435117,54.21807856397833,32.423166965650005,46.870297965456494,53,27,0.5022722989726476,0.1873827590250238,,,,,,,,,,,,,
32,701.5936671576862,4288.0,179.66127952689914,5169.254946684586,0.18759626994010994,4.866166662304654,54.0059338182286,32.775344547905796,46.989997146651106,43,31,0.5039449726921449,0.1875962699401398,413.2878964749232,4229.0,185.05596017787227,4827.343856652796,0.1873827590251339,4.433865185816764,50.08104692214966,32.13924521194797,45.948167957400244,44,39,0.38968062616282917,0.18738275902502485,,,,,,,,,,,,,
33,433.2661122115866,4349.0,180.59977989522633,4962.865892106814,0.18759626994011205,4.298694535280485,51.01065446611239,32.22626484334344,46.67793535530807,83,24,0.4389321817333136,0.18759626994013945,939.1059241240299,4401.0,185.4937457948786,5525.599669918909,0.18738275902513415,4.7667167488524385,55.64310857337441,32.66577928770927,46.2519952490466,91,33,0.47608067764995465,0.18738275902502352,,,,,,,,,,,,,
34,776.910810648058,4404.0,180.61516514716612,5361.525975795224,0.18759626994011208,4.653946649762265,54.80326450502535,33.04539732438604,47.03363729721943,67,34,0.5122032671657019,0.18759626994013734,730.650591688644,4464.0,186.43299493681948,5381.083586625463,0.18738275902513468,4.574851871534033,53.859187720970404,34.269032596105276,46.55268180408395,46,35,0.4916349900993106,0.1873827590250239,,,,,,,,,,,,,
35,632.5697253215753,4297.0,177.56119263711778,5107.130917958692,0.18759626994010517,4.4664557369475,52.45193318059296,32.09941982235382,46.12598406011522,64,33,0.45110077826645156,0.18759626994013917,889.7264264407063,4526.0,186.54443127569382,5602.270857716399,0.18738275902513474,4.704095452536382,55.69672615843637,33.48232308145309,46.79946189402962,48,35,0.5167182819181028,0.18738275902502546,,,,,,,,,,,,,
36,654.3616317122567,4419.0,180.56900939134675,5253.930641103603,0.187596269940112,4.53610411170697,52.928444589441035,33.24066681135328,46.384828272318416,43,29,0.45354937167367054,0.1875962699401384,366.53222605681964,4322.0,183.94159678912885,4872.473822845949,0.18738275902513324,4.379482769340138,49.85992084028966,32.341413428589014,46.19328520349707,68,36,0.399015386261484,0.18738275902502496,,,,,,,,,,,,,
37,807.7124374733419,4447.0,181.54597288952343,5436.258410362865,0.18759626994011414,4.770658544489922,54.437017262588824,33.944635722971405,46.35989288785498,41,40,0.45962426143548857,0.18759626994014006,968.6386328315647,4466.0,188.18413740484485,5622.822770236409,0.18738275902513565,4.5821868373830235,57.098023348430424,32.60096082252938,47.411510370372135,53,25,0.5742919212772041,0.1873827590250254,,,,,,,,,,,,,
38,993.7713940852805,4505.0,182.00753044771713,5680.778924532998,0.18759626994011516,4.71051208207127,57.59492059180394,33.878936792546554,47.65703758484456,63,55,0.603252769756395,0.18759626994014,456.7028203729642,4357.0,186.20216252057978,4999.904982893544,0.18738275902513454,4.502444482382526,51.18559275104083,33.33241162259332,46.618564547311436,41,37,0.4559578729428434,0.18738275902502577,,,,,,,,,,,,,
39,777.9046595282817,4370.0,180.14591496300253,5328.050574491284,0.18759626994011105,4.582246959806735,54.95743421160873,33.80620917645731,47.177719349661835,84,30,0.5373804599053971,0.18759626994014014,527.859235673213,4390.0,186.3772767673823,5104.236512440596,0.18738275902513465,4.525392568482223,51.5534965614448,33.29117464067899,46.273756542643945,80,28,0.4210001466426239,0.18738275902502374,,,,,,,,,,,,,
40,733.9910761581847,4387.0,180.39977162000906,5301.390847778194,0.1875962699401116,4.752602308179086,53.789057703643415,32.869986735532464,46.449102384271356,54,33,0.46864486807243644,0.1875962699401388,805.5359750485712,4502.0,186.5683104911669,5494.104285539738,0.18738275902513477,4.437761014464202,54.6325950853555,33.19483903473591,46.577084517326604,83,30,0.48429331048844865,0.18738275902502244,,,,,,,,,,,,,
41,482.60395656636746,4254.0,175.84573704583119,4912.449693612199,0.1875962699401012,4.429102010148835,50.61634446988833,32.761025328630886,45.79030490422462,49,37,0.40363380164505447,0.18759626994013892,409.51268368676335,4330.0,185.621101610735,4925.133785297498,0.1873827590251342,4.470120279202662,50.00596576968641,32.03585987899479,45.910688823384035,55,34,0.4093827877619296,0.18738275902502335,,,,,,,,,,,,,
42,530.367902436321,4315.0,177.90736080576306,5023.275263242084,0.18759626994010598,4.651700485284706,51.781868471371354,32.279382344361395,46.47818944700806,48,32,0.47468414700801065,0.18759626994013825,939.3239855277507,4365.0,185.47782631789656,5489.8018118456475,0.18738275902513413,4.748765530012933,56.41846796494458,32.31156273136031,47.024473426725756,70,42,0.519021440198573,0.1873827590250266,,,,,,,,,,,,,
43,605.866268645703,4328.0,179.3843449919829,5113.250613637686,0.18759626994010933,4.672349939132884,52.28506780560299,32.15755937447246,46.22640511914616,43,25,0.44544658183150426,0.1875962699401384,481.10071367594605,4405.0,186.95037793873607,5073.051091614682,0.18738275902513496,4.534595619862041,51.65727788142808,32.904423003252845,46.846076927637625,60,19,0.4671418420180638,0.18738275902502574,,,,,,,,,,,,,
44,884.5681123658866,4333.0,179.20741459467533,5396.775526960562,0.18759626994010895,4.6513286385677,55.364133730794094,32.69311568319383,46.51845260713521,50,29,0.49899012408736443,0.18759626994013917,537.6805763427355,4501.0,187.43592198668856,5226.116498329424,0.18738275902513524,4.585025973893986,52.01109570429867,33.96103755712284,46.63428994087146,44,35,0.48252117032413605,0.18738275902502524,,,,,,,,,,,,,
45,957.7053800216486,4347.0,179.8766730540562,5484.5820530757055,0.18759626994011044,4.672747235575257,56.62670237776414,32.28638660469955,47.0496485775477,38,38,0.5126992503335113,0.18759626994013726,733.7755010046459,4397.0,185.78029638055548,5316.555797385201,0.1873827590251343,4.702740882732502,54.126326450778485,34.08432030423616,46.78498154729061,104,41,0.5332759726099908,0.1873827590250265,,,,,,,,,,,,,
46,1966.0256496955817,4443.0,182.18446084502472,6591.210110540606,0.18759626994011555,5.269439342397136,67.42529759645944,33.95893941360197,47.764939604621055,55,30,0.6558251495546985,0.18759626994013784,800.555815230219,4599.0,189.75220588757665,5589.308021117796,0.1873827590251365,4.572104808575229,55.436350383449536,34.795847607564795,47.43079223114773,40,35,0.5643448514961646,0.18738275902502316,,,,,,,,,,,,,
47,665.0198883621442,4444.0,180.45362000179833,5289.4735083639425,0.18759626994011172,4.793732779577331,53.75724633253341,32.91718379494383,47.10702506997555,54,30,0.536914642858566,0.18759626994013798,776.3542716060155,4530.0,184.98432253145305,5491.338594137469,0.18738275902513385,4.790990374070398,54.75063574034591,33.59086964376009,46.987057052072345,55,36,0.520028380296726,0.187382759025025,,,,,,,,,,,,,
48,586.1262515416926,4349.0,179.2458777245248,5114.372129266218,0.18759626994010903,4.535678703733474,52.34525454672456,32.29936460035499,46.483992031307565,47,33,0.4728417347369571,0.18759626994013848,831.5388782780051,4342.0,185.8200950730106,5359.358973351015,0.18738275902513432,4.626860784991743,55.20244824741825,32.77718241133128,46.885799581632455,98,42,0.5311538520442551,0.18738275902502471,,,,,,,,,,,,,
49,551.4421279180723,4349.0,176.81500791803796,5077.25713583611,0.18759626994010345,4.690871281339788,51.78358188560803,32.11121752376988,46.268850054903126,55,39,0.46454996499741247,0.18759626994013812,683.9249874584712,4413.0,187.36428434026934,5284.289271798741,0.1873827590251352,4.550115574608464,53.901739521786936,32.73555013394049,47.062441724114755,52,29,0.5496090931533392,0.1873827590250235,,,,,,,,,,,,,
50,1163.2859760406961,4429.0,182.57678476948936,5774.862760810186,0.1875962699401164,4.770122883545712,59.41943088682508,32.65591994003713,47.786570231537965,51,42,0.6276113165414077,0.1875962699401379,476.3077064702868,4315.0,184.4430603140634,4975.75076678435,0.18738275902513354,4.475074219997372,50.996757045691986,31.781214440901294,46.23367998098895,41,28,0.43357887049779104,0.18738275902502538,,,,,,,,,,,,,
51,982.8514622260674,4393.0,180.9536406898415,5556.805102915909,0.18759626994011283,4.733517839247157,57.40961741206975,33.075466349948506,47.58062208268783,79,15,0.6174001685497268,0.1875962699401387,837.7816446348343,4381.0,187.0220155851553,5405.80366021999,0.18738275902513502,4.661249447939827,55.391460878151236,32.831231218946044,47.01342972341415,63,39,0.5489268174984658,0.18738275902502527,,,,,,,,,,,,,
52,785.2805623533955,4318.0,178.35353311201698,5281.6340954654115,0.187596269940107,4.686021923826038,54.03516368375635,32.30471413923833,46.182134809625595,64,28,0.4639080584229846,0.18759626994013842,667.9876637762105,4347.0,186.56035075267587,5201.548014528887,0.18738275902513474,4.496257974933295,53.46728898845432,32.54018567114879,46.78712912229242,78,34,0.4800738412439069,0.18738275902502335,,,,,,,,,,,,,
53,687.9644599069703,4354.0,179.79974679435725,5221.764206701328,0.18759626994011028,4.591076303386227,53.731313545906666,31.76734242795829,46.85162228884228,52,41,0.49600137571577596,0.18759626994014048,831.9974701679138,4457.0,187.29264669385012,5476.290116861764,0.18738275902513515,4.728761360930205,54.73168649248959,33.84843444143125,46.41171179081051,44,40,0.5082289866584652,0.18738275902502374,,,,,,,,,,,,,
54,1066.5028218438902,4463.0,183.1383464652917,5712.641168309182,0.18759626994011763,4.866215259254195,58.23323603748754,33.985238472247346,47.56803479115459,60,33,0.6156440341068188,0.18759626994013856,632.9315190014672,4526.0,187.84982838822182,5346.7813473896895,0.1873827590251355,4.5282720354637425,53.260254698956224,33.51106465186095,46.93093950894181,39,34,0.5090115044650061,0.1873827590250247,,,,,,,,,,,,,
55,744.322715551362,4438.0,180.16130021494232,5362.484015766305,0.18759626994011108,4.676747942708412,54.10028088344316,33.43499822389416,46.65705372792931,38,29,0.48758674237395044,0.18759626994013906,926.5998060883811,4465.0,187.72247257236543,5579.322278660747,0.1873827590251354,4.7229108399986375,57.00708633138329,33.820473041411525,47.74077466204201,58,40,0.5915569221761534,0.18738275902502347,,,,,,,,,,,,,
56,588.2641638642322,4512.0,181.52289501161374,5281.787058875846,0.1875962699401141,4.426554996477681,52.29891408278004,33.73987411933091,46.41627244413752,39,35,0.47693974280554974,0.18759626994013828,582.7304156519634,4308.0,186.42503519832846,5077.155450850291,0.18738275902513468,5.005659350517074,52.498536735490994,31.976602311133963,46.67123257897183,44,28,0.49024741928487686,0.18738275902502433,,,,,,,,,,,,,
57,627.4637513918454,4408.0,179.53819751138082,5215.001948903226,0.1875962699401097,4.573191416382921,53.095762420457014,33.937921684268794,46.8211249065394,45,39,0.4933747819376231,0.187596269940137,882.1370753881189,4343.0,186.7354649994784,5411.872540387598,0.18738275902513485,4.601974011830126,55.921581170879605,32.31501398572784,47.09987234592138,77,35,0.5415186584840865,0.18738275902502627,,,,,,,,,,,,,
58,524.4317878509313,4260.0,177.3611843619005,4961.792972212831,0.18759626994010473,4.564214746825838,51.20246607986786,31.536644453667726,45.95812239254084,69,24,0.4158594890873338,0.18759626994014167,658.8316056734624,4324.0,183.96547600460192,5166.797081678064,0.18738275902513327,4.713983283663199,53.12480229912671,32.4779872939771,46.536486242392414,36,34,0.4906775097196409,0.18738275902502372,,,,,,,,,,,,,
59,857.8992437316042,4270.0,178.7997054182709,5306.698949149875,0.187596269940108,4.696598821583283,55.2414159612476,31.396027105669667,46.66228142829326,65,27,0.5123208488730437,0.18759626994014017,712.411123080946,4415.0,187.36428434026934,5314.775407421215,0.1873827590251352,4.6339709817828005,53.82671917389891,32.70966190463275,46.702317018114584,74,27,0.4895232218235378,0.18738275902502502,,,,,,,,,,,,,
60,958.9677626911057,4395.0,179.892058305996,5533.859820997101,0.18759626994011047,4.906255255441609,56.64419734214632,32.86580503575585,47.05451971523574,49,29,0.5636665799131738,0.18759626994013825,1089.8917850256248,4421.0,188.70948014525246,5699.601265170877,0.18738275902513596,4.83247133242903,58.53972270893741,33.58943616084655,47.640757207239574,56,28,0.6095375032906974,0.1873827590250269,,,,,,,,,,,,,
61,654.4156907067702,4458.0,181.05364482745014,5293.46933553422,0.18759626994011305,4.521093199790409,53.242350793091575,33.21873192803487,46.698193886024285,43,33,0.5055796921150973,0.18759626994013615,591.6032570417855,4460.0,186.3772767673823,5237.980533809168,0.18738275902513465,4.521426550325325,52.83855349755896,33.525316827984206,46.92230763867413,57,26,0.5252719435599378,0.1873827590250274,,,,,,,,,,,,,
62,499.60933030255023,4407.0,181.2613457286373,5087.870676031187,0.18759626994011352,4.515644789281591,51.92262500166728,33.73195595274999,46.92653169864138,50,22,0.4785512084742396,0.1875962699401366,1075.10750765745,4444.0,187.62695571047314,5706.734463367923,0.18738275902513535,4.73525620228028,58.40372504047069,33.109449477847576,47.65261543056688,55,32,0.604499071273254,0.1873827590250248,,,,,,,,,,,,,
63,678.288611547724,4384.0,178.36891836395677,5240.657529911681,0.18759626994010703,4.669126828098966,53.282617745029,32.843124529371686,46.49973162955181,43,31,0.4828700156272995,0.187596269940138,660.0198675671456,4395.0,185.82805481150163,5240.847922378647,0.18738275902513432,4.588205982363525,53.00468284209137,31.988767298555036,46.404484166420154,49,29,0.4441989982260973,0.1873827590250245,,,,,,,,,,,,,
64,529.5434624735211,4285.0,177.8612050499437,4992.404667523464,0.18759626994010586,4.482835865696148,51.36982680755449,31.96856307365043,46.07439218281965,46,26,0.43276990585767205,0.18759626994014064,570.2019351291505,4350.0,184.94452383899792,5105.146458968148,0.18738275902513382,4.409198484864076,51.65967292934657,32.79077704818875,45.957091088025216,76,44,0.4134616192850862,0.187382759025025,,,,,,,,,,,,,
65,459.63297625666223,4381.0,179.8689804280863,5020.501956684749,0.18759626994011042,4.616141008613332,51.38689977971359,32.84291345018025,46.79057001714732,37,28,0.4501421725254656,0.18759626994013937,1199.6162462684151,4463.0,188.7572385761986,5851.373484844614,0.187382759025136,4.74554687008958,59.57818875015435,33.899906856262305,47.58187678741553,74,38,0.6086134424917895,0.18738275902502743,,,,,,,,,,,,,
66,617.3196947308165,4253.0,176.6149996428207,5046.934694373637,0.187596269940103,4.685573462127873,52.113962067865074,32.55674147271219,45.9407069563283,63,28,0.4218639012579076,0.1875962699401381,629.9307573331362,4339.0,186.5683104911669,5155.499067824303,0.18738275902513477,4.64858497477125,52.76207381349018,33.36991286122627,46.462766240159084,30,33,0.4780688429304245,0.1873827590250266,,,,,,,,,,,,,
67,540.2241547593288,4300.0,177.56119263711778,5017.785347396446,0.18759626994010517,4.7138484709413175,51.66049031073408,31.31667017925998,46.25824876314076,35,32,0.43786509512950794,0.18759626994013784,1498.2508765433074,4513.0,188.15229845088075,6199.403174994189,0.18738275902513565,4.917140965376505,61.989274890398036,34.14671953584891,47.00676612496546,43,35,0.5426670923277082,0.187382759025026,,,,,,,,,,,,,
68,664.5828527300299,4315.0,180.89979230805224,5160.482645038082,0.18759626994011272,4.477847820187288,53.84685378082874,33.271232686664035,47.20101112489263,52,43,0.5489505495998004,0.18759626994013912,932.2931183311665,4347.0,185.89969245792085,5465.192810789087,0.18738275902513438,4.756845983323763,56.42522927778274,32.297889306487654,47.10220019040583,53,36,0.5339241498939908,0.18738275902502427,,,,,,,,,,,,,
69,951.7820936089016,4331.0,179.0997178310968,5461.881811439999,0.1875962699401087,4.8990383361438425,56.536257820173155,33.23331270806425,47.01843688408431,37,37,0.5743565395305784,0.18759626994013814,416.1313426782483,4378.0,182.89887104680466,4977.030213725053,0.18738275902513263,4.470905616808525,49.92142248659943,32.49458184699334,45.76008940050367,51,31,0.3999296512481254,0.1873827590250255,,,,,,,,,,,,,
70,914.6572212555135,4266.0,179.27664822840438,5359.933869483918,0.18759626994010908,4.685673723906521,56.05875420004234,32.64751021497464,46.91217176877683,59,40,0.5335065683809566,0.18759626994013853,624.6378543431795,4402.0,186.52055206022075,5213.1584064034,0.18738275902513474,4.557336084769867,52.57192426242497,32.71063915226514,46.325033685231155,62,40,0.44814124598737176,0.18738275902502372,,,,,,,,,,,,,
71,1084.775837822477,4451.0,182.2229239748742,5717.998761797351,0.18759626994011563,4.828039209821026,58.571949303919304,32.69392426385454,47.724144170687374,62,23,0.6215314903515708,0.18759626994013834,702.4142141057506,4421.0,186.75138447646046,5310.165598582212,0.18738275902513485,4.747465343600099,53.564424880225545,33.11797845062043,46.53958669343204,67,29,0.46023994146472436,0.18738275902502338,,,,,,,,,,,,,
72,785.0737183190488,4462.0,182.0536862035365,5429.1274045225855,0.18759626994011527,4.650978797772839,55.09382393825864,33.4256359788041,47.2430867550682,48,39,0.5587633631310527,0.1875962699401395,994.5139602531399,4460.0,187.8737076036949,5642.387667856835,0.1873827590251355,4.699827481295116,57.426123312128965,33.2661076466937,47.48096576951834,51,38,0.5965107012690122,0.18738275902502435,,,,,,,,,,,,,
73,997.9292039274492,4317.0,179.46896387765176,5494.398167805101,0.18759626994010953,4.7132565514842915,57.63796132786051,32.32020126313857,47.657471995334916,73,33,0.6083530670913003,0.18759626994014036,691.1563015720262,4294.0,184.97636279296202,5170.132664364988,0.18738275902513385,4.774834902315736,53.64072422539484,32.35065987152874,46.72882530419126,59,32,0.5004561793777736,0.18738275902502288,,,,,,,,,,,,,
74,638.8515908628872,4395.0,178.99971369348816,5212.851304556375,0.18759626994010847,4.51352336564493,53.0530194267681,32.690427845861805,46.66419757070096,60,36,0.49768190234342896,0.18759626994014117,1001.0998489255516,4422.0,187.75431152632953,5610.854160451881,0.18738275902513543,4.740996365079626,57.374761924283355,33.8632274961599,47.36376343502757,37,30,0.5804294740309557,0.18738275902502555,,,,,,,,,,,,,
75,757.7553845287283,4409.0,178.73047178454183,5345.48585631327,0.18759626994010786,4.933133361301465,54.317732860788624,33.14063787169006,46.74017901550159,44,26,0.5192058675936139,0.18759626994014003,672.8572203333919,4309.0,185.43802762544144,5167.295247958833,0.1873827590251341,4.576426315930116,53.49051546734328,33.95696437372099,46.76189349063858,55,44,0.5294493560333906,0.1873827590250229,,,,,,,,,,,,,
76,536.8487756837486,4303.0,178.23814372246855,5018.086919406217,0.18759626994010672,4.474797164858327,51.673927491242736,33.573645526443705,46.30543973440545,48,34,0.43362037074397414,0.18759626994013798,774.7754066926675,4366.0,185.15943677825558,5325.934843470923,0.18738275902513396,4.617676365228761,54.509527415061086,33.65304630217398,46.761715003251744,53,26,0.5373602664199241,0.1873827590250232,,,,,,,,,,,,,
77,902.0885697133496,4439.0,179.82282467226693,5520.911394385616,0.18759626994011033,4.621842528074547,56.17409531864017,33.39651845819184,47.15318390803751,51,20,0.5323899465594886,0.18759626994013825,557.3127372183457,4352.0,187.0618142776104,5096.3745514959555,0.18738275902513504,4.4143216589364425,52.432653131116446,32.57261577121315,46.8588232543067,65,40,0.47615471465653003,0.18738275902502632,,,,,,,,,,,,,
78,844.6230413180876,4280.0,179.5535827633206,5304.176624081408,0.18759626994010972,4.628384466629356,54.79851305799197,31.961221122542995,46.3522826448113,47,33,0.5085412624108019,0.18759626994013887,869.9747566167197,4255.0,187.29264669385012,5312.2674033105695,0.18738275902513515,4.546557948811137,55.57800462808532,32.09851106576312,46.878257061918376,45,28,0.5093548797429871,0.18738275902502352,,,,,,,,,,,,,
79,1104.7794369220264,4458.0,181.64597702713206,5744.425413949159,0.18759626994011436,4.767005084700654,58.21364228006131,33.42780341334463,47.16584791084097,46,21,0.5756002494783484,0.18759626994013798,528.4926743050177,4303.0,183.6311669879789,5015.123841292996,0.18738275902513307,4.475174027973332,51.35315995666142,32.114492076308565,46.068233213611116,43,35,0.4190604443874704,0.18738275902502768,,,,,,,,,,,,,
80,816.5810686800758,4511.0,182.72294466291737,5510.304013342993,0.18759626994011672,4.691877328743196,55.84312272300696,33.91640493558083,47.67731203620609,38,38,0.5923893699104883,0.18759626994014134,723.6430319245405,4535.0,187.03793506213734,5445.680966986678,0.18738275902513502,4.600326074392006,54.344035355033085,34.09585272046188,47.10735609071254,66,36,0.5338797857691467,0.18738275902502538,,,,,,,,,,,,,
81,1208.5410180371225,4555.0,181.76905904265038,5945.310077079773,0.18759626994011463,4.864915285811691,58.90335182133386,33.44396883594412,46.817941640963326,35,29,0.5239244181283159,0.18759626994014,483.5576639088461,4301.0,184.88084593106973,4969.438509839915,0.1873827590251338,4.481160365615442,50.96260891678238,32.76615263805001,46.12703227769426,44,34,0.41843176024478196,0.18738275902502555,,,,,,,,,,,,,
82,944.4827610692522,4486.0,182.53062901367,5613.013390082921,0.1875962699401163,4.7742445011628885,56.952383172466,33.958013948518044,47.50755556177315,38,33,0.5981079249811064,0.18759626994014,474.0771807556656,4336.0,185.8519340269747,4995.929114782641,0.18738275902513435,4.471635809445407,51.08600125000534,32.457136273635186,46.34522944244883,48,42,0.4332681270639287,0.18738275902502669,,,,,,,,,,,,,
83,458.4263128889058,4378.0,178.29199210425782,5014.718304993164,0.18759626994010686,4.6968666139210535,50.87536528532777,32.77033011120985,46.29110215643903,39,29,0.44006544059041686,0.1875962699401405,848.6509900233705,4454.0,188.63784249883324,5491.288832522204,0.1873827590251359,4.61605672371985,55.70874823574397,32.72196759985471,47.2212413489976,66,27,0.557703265051909,0.18738275902502546,,,,,,,,,,,,,
84,616.8326255563175,4332.0,178.938172685729,5127.770798242046,0.18759626994010833,4.949042937779021,52.794606396409286,32.90715365796898,46.62628014084639,49,39,0.4816274038504019,0.1875962699401363,648.6621046541932,4447.0,186.46483389078358,5282.126938544977,0.18738275902513468,4.525279161545759,53.36647533886606,34.03133913652921,46.879854292324424,47,40,0.5128685630172158,0.1873827590250248,,,,,,,,,,,,,
85,1200.481906744277,4371.0,181.17672684296846,5752.658633587245,0.18759626994011333,4.928469294045251,59.441199371946105,32.86676960502067,47.43637141556197,57,35,0.5825356763898788,0.18759626994013792,876.9016930631693,4377.0,186.64790787607714,5440.549600939246,0.1873827590251348,4.818966472995759,55.875780074618284,33.191783807651454,47.10676314398661,34,25,0.5393037355474876,0.18738275902502405,,,,,,,,,,,,,
86,380.4364662014818,4261.0,176.69192590251964,4818.128392104001,0.18759626994010317,4.411827603161179,49.092131685837664,32.65631589080138,45.28698070323448,66,35,0.3492046390316849,0.18759626994013756,692.1296462246569,4351.0,186.23400147454387,5229.3636476992015,0.18738275902513457,4.537457210596221,53.50591261943287,31.942879878734164,46.58461615718591,45,23,0.48860889116646683,0.18738275902502352,,,,,,,,,,,,,
87,964.3979082632164,4348.0,178.81509067021068,5491.212998933426,0.18759626994010806,4.7538204079724045,56.66349603552702,31.961009639921727,47.0195169528945,39,35,0.566354045392862,0.18759626994014128,812.108593254351,4470.0,188.74131909921655,5470.849912353568,0.18738275902513596,4.6966791564751516,55.39571879695906,34.119559320135124,47.27443641978999,61,42,0.5595019839337363,0.1873827590250256,,,,,,,,,,,,,
88,418.67523780594,4327.0,178.4843077535052,4924.159545559445,0.1875962699401073,4.391653051876697,50.18266352633315,32.77893262547014,45.995911148274246,39,33,0.38769683731554117,0.1875962699401395,801.6268446367525,4503.0,187.24488826290397,5491.871732899656,0.18738275902513513,4.679041056926387,54.8249894715358,33.691064097309585,46.808721025168104,40,29,0.514470811080966,0.18738275902502605,,,,,,,,,,,,,
89,355.06172048407757,4409.0,178.85355380006015,4942.915274284138,0.18759626994010814,4.366178403330691,49.86265929513774,33.237137715072954,46.31204209029685,36,32,0.405387462671557,0.18759626994014023,506.2003673085205,4270.0,182.8192736618944,4959.019640970415,0.1873827590251326,4.58943864628428,51.305375576609144,31.680422220224212,46.242412452439666,66,37,0.4401073881971754,0.18738275902502577,,,,,,,,,,,,,
90,871.4636245073302,4481.0,181.84598530234933,5534.30960980968,0.1875962699401148,4.763082137805745,56.04748171983726,34.1906055439476,47.33263236250219,56,39,0.5473228799846936,0.1875962699401386,800.747327235171,4328.0,183.90975783516475,5312.657085070336,0.18738275902513324,4.672527518759238,54.71684746467042,32.88761137590226,46.709374192318855,46,31,0.4801740932656341,0.18738275902502283,,,,,,,,,,,,,
91,833.9745216954324,4561.0,182.29215760860325,5577.266679304035,0.18759626994011577,4.634847480363554,55.436380341586464,33.289249269789366,47.0966351246324,36,34,0.5281522512788043,0.18759626994014228,473.3292036265393,4337.0,182.89091130831363,4993.220114934853,0.18738275902513263,4.4431568664280885,50.40670702352492,32.833433944408185,45.673414987259164,37,27,0.3724559095552792,0.18738275902502538,,,,,,,,,,,,,
92,900.9059594607986,4536.0,181.69213278295143,5618.59809224375,0.18759626994011447,4.637041356920847,56.13234674190936,33.91249496843164,47.12321491523088,52,31,0.5485358158485535,0.18759626994013825,789.1215437319202,4379.0,185.85989376546573,5353.981437497387,0.18738275902513435,4.554422851193569,54.745690407024185,33.066465792579784,46.85447496970491,45,34,0.5081914553634865,0.18738275902502566,,,,,,,,,,,,,
93,466.1732143795497,4391.0,178.81509067021068,5035.98830504976,0.18759626994010806,4.399581126474376,51.02626857736144,33.37350802624159,46.36453643356559,44,33,0.4367950332319758,0.18759626994013856,929.0153560689495,4475.0,186.7354649994784,5590.750821068428,0.18738275902513485,4.632780430269182,56.25698282077206,32.8977001513788,46.96677421213257,66,37,0.5207873121388795,0.18738275902502538,,,,,,,,,,,,,
94,685.6274998173833,4363.0,180.25361172658106,5228.881111543964,0.18759626994011128,4.964344598512087,53.80039013380106,32.42848507567519,46.944115135626646,43,38,0.5123786210257556,0.18759626994014028,604.9864661923801,4369.0,188.11249975842563,5162.098965950806,0.18738275902513563,4.434693681619134,52.698979794388315,32.89109112226005,46.649115132464594,41,25,0.4687718628869314,0.18738275902502527,,,,,,,,,,,,,
95,721.2577299341307,4436.0,179.97667719166483,5337.234407125796,0.18759626994011067,4.5973915003627805,53.869522929898764,33.89416347870623,46.65672647395151,70,33,0.49699407564871045,0.18759626994014014,447.851328883106,4427.0,185.38230945600426,5060.23363833911,0.18738275902513407,4.572994733560354,50.62945806653211,32.77164273622992,46.15094477770097,44,32,0.4279701447466776,0.18738275902502488,,,,,,,,,,,,,
96,585.9919320797641,4370.0,180.1920707188219,5136.184002798586,0.18759626994011114,4.549857146853382,52.473437482466615,32.800562668629645,46.61306544771061,105,27,0.47373162407581537,0.18759626994013864,403.1978887603942,4371.0,184.2520265902788,4958.449915350673,0.18738275902513343,4.464573917773706,50.33068716979546,33.20816605942063,46.298708282191775,50,27,0.40506897415690035,0.18738275902502327,,,,,,,,,,,,,
97,535.0348260907667,4466.0,181.54597288952343,5182.58079898029,0.18759626994011414,4.5800844418341775,51.939747444232545,32.91718159294602,46.589391347572885,52,38,0.4633939368418713,0.1875962699401358,709.6259505292765,4273.0,183.57544881854173,5166.201399347819,0.18738275902513304,4.596350736286713,53.49462790704167,32.029734330718576,46.3983684017485,41,30,0.46430676817165856,0.18738275902502552,,,,,,,,,,,,,
98,647.7100042458524,4380.0,179.29972610631407,5207.009730352166,0.18759626994010914,4.6368272604035745,52.64940350613859,32.12043592930564,46.172149859309684,53,30,0.44672081061352464,0.187596269940138,811.8921895894279,4309.0,183.74260332685324,5304.63479291628,0.18738275902513313,4.8759985256903455,54.13206168407352,32.84851865313627,46.01283605677974,88,39,0.4527503275274503,0.18738275902502807,,,,,,,,,,,,,
99,2665.2449466156545,4487.0,181.18441946893836,7333.429366084593,0.18759626994011336,5.574345179999667,74.34034091133411,33.339893628171346,47.68789144517733,40,34,0.6339504217468664,0.18759626994013917,532.9992165522284,4295.0,185.63702108771705,5013.636237639945,0.18738275902513424,4.469469752898034,51.90769211923195,32.597366566442176,46.57741058854008,58,27,0.48305190024053063,0.1873827590250249,,,,,,,,,,,,,
100,747.3394769932689,4331.0,180.1997633447918,5258.539240338061,0.18759626994011117,4.609176138652453,54.26912509688515,31.994317317039815,46.795361267388145,63,37,0.5051503922452231,0.18759626994013906,864.1303710224747,4256.0,184.68981220728514,5304.82018322976,0.18738275902513368,4.622707131733721,55.402304590863224,32.12771517271277,46.76080587888143,53,38,0.5062796992319215,0.18738275902502594,,,,,,,,,,,,,
101,386.2912146247506,4356.0,177.545807385178,4919.837022009929,0.18759626994010514,4.371841259610136,49.71626612134435,33.33298427820772,45.85327383937063,52,31,0.40451762971648214,0.18759626994014,554.5013611111716,4281.0,184.06099286649422,5019.562353977666,0.18738275902513332,4.482468472332733,51.77644292236687,31.403451163287226,46.23142931125555,40,31,0.4583440625796148,0.18738275902502483,,,,,,,,,,,,,
102,532.193640234896,4478.0,180.28438223046064,5190.478022465356,0.18759626994011136,4.499991489287802,52.06559163533805,33.73882814925062,46.74360435814462,69,40,0.48604898785807765,0.1875962699401399,1705.9330649859894,4430.0,187.7145128338744,6323.647577819864,0.1873827590251354,5.234578595633565,64.30029651509116,33.14868285064303,47.24014478581528,68,27,0.5792358350330853,0.18738275902502755,,,,,,,,,,,,,
103,862.5888688584228,4408.0,178.3150699821675,5448.90393884059,0.18759626994010692,4.8150633457951715,55.430714048391884,32.26975253472404,46.80405082822186,106,22,0.5059734199157039,0.18759626994013937,1164.2610883066113,4369.0,186.4091157213464,5719.670204027958,0.18738275902513465,4.798971960252587,58.812981117427796,32.13636012211681,47.1703702343617,49,34,0.5605010036921023,0.1873827590250255,,,,,,,,,,,,,
104,592.4326288764076,4382.0,181.5844360193729,5156.017064895781,0.18759626994011425,4.47738318232699,52.593803945391535,33.487387574060534,46.669477656627535,28,30,0.5122204470399263,0.1875962699401404,303.264781697636,4190.0,181.45815837992924,4674.722940077565,0.18738275902513177,4.440196375616075,48.12267567050285,30.346247103533862,45.089947712639045,54,31,0.34610399803871916,0.18738275902502685,,,,,,,,,,,,,
105,900.0274031423221,4395.0,181.38442774415563,5476.411830886478,0.1875962699401138,4.787496123288143,56.348148303010646,32.988873069224226,47.34787427158734,44,35,0.5396918266449796,0.1875962699401395,1127.4623956577477,4310.0,187.0936532315745,5624.5560488893225,0.18738275902513504,5.0885832310827945,58.24749540210002,32.43196685192635,46.972742471959116,96,40,0.5185224503766401,0.18738275902502605,,,,,,,,,,,,,
106,698.5553171021454,4243.0,177.545807385178,5119.101124487323,0.18759626994010514,4.609746087233358,52.900503041635005,31.306089717050156,45.91490834800932,80,24,0.4336216370698669,0.18759626994013942,435.5011699426375,4330.0,185.27883285562095,4950.7800027982585,0.18738275902513402,4.540413360392734,51.14759859402669,32.27128513472414,46.79257059580358,51,28,0.4635246361749468,0.1873827590250256,,,,,,,,,,,,,
107,289.6097519990095,4238.0,175.92266330553014,4703.53241530454,0.18759626994010137,4.295618045144616,48.20293355831465,32.06094552699585,45.30656843716049,64,36,0.3296159773970369,0.18759626994013975,764.8087107888024,4500.0,186.2419612130349,5451.0506720018375,0.18738275902513457,4.765339019501301,54.75881667421106,34.05128209269385,47.110718665570936,51,33,0.5341964841628776,0.18738275902502374,,,,,,,,,,,,,
108,730.595962444882,4495.0,182.01522307368703,5407.611185518569,0.1875962699401152,4.506319364999732,54.5913070586021,34.419225276123825,47.28534743415345,46,27,0.5377291243138503,0.18759626994013887,1699.6031320309094,4314.0,186.1782833051067,6199.781415336016,0.18738275902513454,5.058285391183884,64.20645994370761,32.75771389583475,47.21042862339921,47,38,0.5724154174208693,0.18738275902502569,,,,,,,,,,,,,
109,1156.4582484619525,4362.0,180.09975920718315,5698.558007669136,0.18759626994011094,4.791834298115091,58.58547909695713,32.99562185403901,47.0194738426761,79,38,0.551285667007143,0.1875962699401368,1095.513155252365,4475.0,187.88962708067695,5758.4027823330425,0.1873827590251355,4.738748736967562,58.05323135944727,33.39912292229714,47.09809980692399,49,33,0.5902464711998129,0.18738275902502458,,,,,,,,,,,,,
110,592.0205503004349,4360.0,182.1921534709946,5134.212703771429,0.18759626994011558,4.438915908111895,52.69562407261482,32.760535131896354,46.7754185696105,39,36,0.4956897905769054,0.18759626994014045,943.6022342666099,4475.0,186.48871310625665,5605.090947372867,0.1873827590251347,4.523114415723422,56.41243660419386,33.711866439095054,46.975579242576345,114,31,0.52784601300347,0.18738275902502463,,,,,,,,,,,,,
111,480.3741867180701,4433.0,178.81509067021068,5092.18927738828,0.18759626994010806,4.531633627047496,50.89540652555654,32.714677279099035,46.09166465837585,44,34,0.4318809390367611,0.18759626994014078,682.9833678912562,4407.0,186.5046325832387,5276.4880004744955,0.1873827590251347,4.438328272320874,53.19267004716836,32.970362454704215,46.36283636825576,49,31,0.4784400761328251,0.18738275902502413,,,,,,,,,,,,,
112,607.0312459404157,4405.0,180.13822233703263,5192.169468277449,0.18759626994011103,4.745106992254812,52.23258417574252,33.60860869936295,46.16227171633828,43,26,0.4657885974824946,0.18759626994013853,1395.3129946760241,4473.0,188.44680877504865,6056.759803451072,0.18738275902513582,4.885794638620693,61.66997125490125,32.6235155134448,47.71684130814113,34,26,0.646219270706888,0.1873827590250276,,,,,,,,,,,,,
113,498.35967857086143,4424.0,180.13052971106274,5102.490208281924,0.187596269940111,4.4793656812121565,51.233748134196674,32.88409169626412,46.250151348487954,45,28,0.4304057395141012,0.18759626994013792,558.4425011587026,4330.0,184.68185246879412,5073.124353627497,0.18738275902513368,4.470988146872081,51.60554886944184,31.431257765270765,46.02112385785467,47,32,0.44889783549540896,0.18738275902502588,,,,,,,,,,,,,
114,440.0753432180391,4300.0,179.05356207527743,4919.128905293316,0.18759626994010858,4.513183854714074,50.624338116361976,32.387102564943255,46.22358468418147,47,27,0.41727619949899736,0.18759626994013978,951.0706719107257,4291.0,184.50673822199158,5426.577410132717,0.18738275902513357,4.84576873812582,55.57786251525045,31.856235646535968,46.06715579614356,41,30,0.4310438854937437,0.18738275902502452,,,,,,,,,,,,,
115,3320.5361904342626,4445.0,181.82290742443965,7947.359097858703,0.18759626994011475,5.739683397419103,81.37753925373725,32.92586923501972,48.172014413265416,111,36,0.6989833253873736,0.18759626994013912,602.1624809316473,4292.0,185.67681978017217,5079.839300711819,0.18738275902513424,4.445863683914089,52.589500521397106,33.071333581960985,46.56762996110443,79,39,0.46140378814391886,0.18738275902502588,,,,,,,,,,,,,
116,814.858261285855,4394.0,180.42284949791875,5389.281110783773,0.18759626994011167,4.589735785241958,55.30945725738818,32.99434546703114,47.16087464452961,40,41,0.5525223147680218,0.18759626994013984,570.2092568919667,4405.0,187.2846869553591,5162.493943847326,0.18738275902513515,4.538717920658076,52.61759680563124,32.98284564779107,46.9154357716604,51,24,0.4879624731692972,0.18738275902502363,,,,,,,,,,,,,
117,563.8787780513569,4324.0,177.66888940069632,5065.547667452053,0.18759626994010542,4.636271679990359,51.65815102568415,32.87721695415416,46.01931901560874,63,38,0.45524023040096273,0.18759626994013695,838.2848102080782,4505.0,187.33244538630524,5530.617255594383,0.18738275902513518,4.588551603757046,55.380293975443486,33.774352898059114,46.99673441961569,80,28,0.5389606051277221,0.18738275902502413,,,,,,,,,,,,,
118,826.6294820649987,4498.0,180.23822647464127,5504.86770853964,0.18759626994011125,4.5598023041896365,55.117931573368004,33.87030378955356,46.84901946498196,75,25,0.5150781902355991,0.18759626994013784,874.7790033597635,4402.0,186.28971964398104,5463.068723003744,0.1873827590251346,4.598838621009196,55.405151629559526,33.34137642717152,46.65327539092867,92,30,0.4836408785493412,0.18738275902502438,,,,,,,,,,,,,
119,378.9131028420001,4299.0,176.9150120556466,4854.828114897647,0.1875962699401037,4.32046699124373,49.64968980281115,32.43414025481693,45.860464502937106,66,17,0.38148330142733106,0.18759626994013934,540.8832087654073,4368.0,185.7484574265914,5094.631666191999,0.1873827590251343,4.5437025804636795,51.91514160454594,32.172424065672196,46.50630951689165,31,32,0.46280020840358826,0.18738275902502516,,,,,,,,,,,,,
120,751.1417919508182,4532.0,183.06142020559275,5466.203212156412,0.18759626994011747,4.527187746821886,54.624141518589965,34.47510816530389,47.11270372657798,57,27,0.5554549621373033,0.18759626994013898,709.4046766801049,4429.0,187.39612329423343,5325.800799974339,0.1873827590251352,4.6619254030673645,54.09054437596714,32.518913621792365,46.996497609166155,50,32,0.5080354836584113,0.18738275902502388,,,,,,,,,,,,,
121,580.8314943641412,4253.0,176.4380692455131,5010.269563609655,0.1875962699401026,4.5424660666250025,51.99231752842529,31.412061106910922,46.184002584783876,49,33,0.4455497504228137,0.18759626994013956,686.7407968875668,4153.0,183.8938383581827,5023.634635245749,0.1873827590251332,4.564430742187956,53.27958295454436,32.067337991841455,46.41178807681607,63,41,0.495294083706146,0.1873827590250241,,,,,,,,,,,,,
122,831.8220985914027,4336.0,180.54593151343707,5348.36803010484,0.18759626994011194,4.630034348742782,55.424470414164084,32.78982268652576,47.10624040705613,63,38,0.5437450249014895,0.1875962699401412,1340.913375373846,4425.0,187.49164015612573,5953.405015529972,0.18738275902513526,4.83905408934233,60.44745221388632,33.038008765346866,47.03831846014813,49,39,0.5422134261552929,0.18738275902502344,,,,,,,,,,,,,
123,449.9561041102984,4321.0,179.68435740480882,4950.640461515108,0.18759626994011,4.509203334937181,50.52739842228756,32.642875945374655,46.02783738118419,50,28,0.4154825921223466,0.1875962699401374,705.3300745415255,4351.0,185.79621585753753,5242.126290399063,0.18738275902513432,4.443733297221328,53.92915547641371,32.60113618104881,46.87585473099866,49,26,0.5053128112564034,0.1873827590250261,,,,,,,,,,,,,
124,1092.5009464060602,4404.0,180.0228329474842,5676.523779353544,0.18759626994011078,4.980058712821704,57.84475375856385,32.63849721872945,46.91974429450335,46,25,0.5658988485252737,0.18759626994013845,670.0374671394643,4263.0,183.45605274117636,5116.493519880641,0.18738275902513296,4.6751493908984605,52.81551748446087,32.23382117086201,46.11513291555312,55,38,0.4443050600718147,0.1873827590250243,,,,,,,,,,,,,
125,596.5349357048062,4309.0,176.36114298581415,5081.89607869062,0.1875962699401024,4.547119920511327,52.24799440471939,32.8376297691611,46.282645047671565,37,27,0.4576138721554066,0.1875962699401396,898.3112365042061,4415.0,187.24488826290397,5500.55612476711,0.18738275902513513,4.754691213793583,56.58023166185329,33.23943557425187,47.59711929681148,50,24,0.5710415719177306,0.18738275902502757,,,,,,,,,,,,,
126,704.546119670158,4377.0,179.76897629047767,5261.3150959606355,0.1875962699401102,4.655295224527683,54.25291428348196,31.939790397574864,47.20745308678067,45,21,0.5467140211873093,0.18759626994013928,1008.3028334256607,4503.0,186.09868592019646,5697.401519345857,0.1873827590251345,4.627291301215206,57.01067570664192,33.92774779844688,46.92726452635669,112,27,0.5257940486276304,0.187382759025024,,,,,,,,,,,,,
127,1035.380626573671,4488.0,181.31519411042657,5704.695820684098,0.18759626994011364,4.774829795708064,57.51126271881864,34.55924387882143,47.15725687149586,75,41,0.5628300021088736,0.18759626994013914,727.9889604945683,4375.0,185.97133010434007,5288.960290598909,0.1873827590251344,4.800839317032919,54.070847029725336,31.985848456525733,46.79094688251463,51,36,0.5205163492828133,0.1873827590250261,,,,,,,,,,,,,
128,738.3346755535918,4285.0,179.47665650362165,5202.811332057213,0.18759626994010956,5.018057095190111,54.32637839080786,31.969600168825334,46.943031635272085,44,32,0.519912763394357,0.18759626994013895,1051.189938093878,4455.0,186.8309818613707,5693.020919955248,0.1873827590251349,4.854464803806715,57.81540710433954,33.24056019503006,47.3032780134544,53,23,0.566732427881478,0.18738275902502086,,,,,,,,,,,,,
129,1181.4679728561118,4428.0,180.23053384867137,5789.698506704783,0.18759626994011122,4.877576376618806,59.120571497999066,33.219966639178196,47.30529708289035,63,24,0.5775004283722637,0.1875962699401381,548.4836312655851,4334.0,186.2101222590708,5068.693753524656,0.18738275902513454,4.37070270304248,52.23736589396618,32.34514898887324,46.751732347675365,77,38,0.44943185760165005,0.1873827590250245,,,,,,,,,,,,,
130,919.3702549072086,4370.0,180.37669374209938,5469.746948649308,0.18759626994011155,4.752653354988655,56.42208102828463,32.71631266277535,47.22781197112177,75,34,0.5828872706051723,0.18759626994013984,684.232783115556,4283.0,184.968403054471,5152.2011861700275,0.18738275902513385,4.48062278681831,53.514290379383326,32.47007878285167,46.671940541592605,54,22,0.46546111122916206,0.18738275902502527,,,,,,,,,,,,,
131,748.3937618111404,4349.0,179.14587358691617,5276.539635398057,0.1875962699401088,4.589495070295811,54.2152857007669,31.876211341776354,46.731346595794825,54,32,0.5068550854452875,0.18759626994013964,941.8109350244698,4495.0,188.64580223732426,5625.456737261795,0.18738275902513593,4.772769893722907,56.86716742119715,33.600319049940786,47.448914217827195,66,34,0.5765667423154686,0.18738275902502421,,,,,,,,,,,,,
132,653.3272820040944,4473.0,180.59208726925644,5306.919369273352,0.18759626994011203,4.619661932385571,53.41807541719601,34.193866394703335,46.8848025971552,47,37,0.5098974763767975,0.1875962699401403,437.213815977554,4208.0,183.61524751099685,4828.829063488551,0.18738275902513304,4.5081317290567435,50.20001932779854,31.672567946591982,45.827881168023325,40,31,0.37096165498104144,0.18738275902502366,,,,,,,,,,,,,
133,898.0108627443565,4413.0,180.1997633447918,5491.210626089149,0.18759626994011117,4.8895425741310055,55.79864227248953,33.02294506128218,46.81737078249724,68,35,0.5324559382702053,0.18759626994013753,917.7187529536251,4346.0,185.77233664206446,5449.491089595689,0.1873827590251343,4.493521248771285,55.73981274196822,31.796773706370747,46.56261373968312,55,32,0.48685946348554743,0.18738275902502496,,,,,,,,,,,,,
134,662.8788886557043,4281.0,178.53815613529446,5122.417044790998,0.18759626994010742,4.414856522049086,52.800352545125484,32.11327881658136,46.171288090483806,56,35,0.44029427245159075,0.18759626994014078,744.5245540794544,4461.0,188.16025818937177,5393.684812268827,0.18738275902513565,4.471637326700923,54.60238463680675,33.85488946361266,47.15713909601194,43,31,0.5070167737671255,0.1873827590250247,,,,,,,,,,,,,
135,2186.288560039185,4428.0,181.9075263101085,6796.196086349295,0.18759626994011494,5.3263107537100645,69.41802386276557,33.86617695071349,47.55427073110727,82,33,0.6123214036898236,0.18759626994013934,501.4761088184442,4262.0,184.60225508388388,4948.078363902328,0.18738275902513363,4.5269106443774705,50.901449132581256,32.27849745920425,45.88668804439662,48,50,0.4113907595224942,0.1873827590250266,,,,,,,,,,,,,
136,729.8026268265143,4440.0,181.8921410581687,5351.694767884683,0.1875962699401149,4.5595364988742135,54.48147442039555,33.36732924580452,47.183388463115826,54,40,0.5425442066954801,0.18759626994014017,707.894097636269,4375.0,187.14141166252065,5270.03550929879,0.18738275902513507,4.653671755688195,54.17542747750343,32.50197269450273,47.09601585245368,79,27,0.5157556677256638,0.18738275902502297,,,,,,,,,,,,,
137,571.9756129333584,4336.0,179.17664409079575,5087.152257024154,0.18759626994010886,4.65026953566211,52.14783660789374,32.80783221743644,46.42802393286778,55,40,0.4428722126615339,0.1875962699401389,1414.5338795045282,4370.0,185.7166184726273,5970.250497977156,0.18738275902513427,4.908266904079129,60.88748046662595,32.535749456560396,46.74214167158087,43,34,0.5348747768816746,0.1873827590250238,,,,,,,,,,,,,
138,852.3262617923021,4383.0,180.14591496300253,5415.472176755305,0.18759626994011105,4.661345816495345,55.08684398223787,32.7922609668286,46.56358136431517,42,46,0.5030753452310287,0.18759626994013698,947.573343375561,4433.0,187.19712983195782,5567.770473207519,0.1873827590251351,4.728110516140137,56.777301273917644,33.047769153856215,47.30156784016222,50,31,0.5372068590266237,0.18738275902502385,,,,,,,,,,,,,
139,610.0182192264441,4280.0,179.49973438153134,5069.517953607975,0.18759626994010958,4.454446705553927,52.35224633333746,32.850303430706354,46.25206414107306,42,29,0.42823947277750146,0.18759626994014014,769.5007104492104,4412.0,187.1254921855386,5368.6262026347495,0.18738275902513507,4.595547232942268,54.692138215409294,33.363336069916706,46.99713111091728,45,32,0.5395603154448684,0.1873827590250243,,,,,,,,,,,,,
140,514.7836532751386,4239.0,177.15348346071335,4930.937136735853,0.18759626994010425,4.721263433950461,51.186747618775144,32.25486043561529,46.038911086023695,48,29,0.42709625316798655,0.1875962699401391,524.3179724224293,4335.0,186.64790787607714,5045.965880298506,0.1873827590251348,4.379431099734765,52.027264647412274,32.600744156405824,46.78372908671243,58,39,0.4720956136041239,0.18738275902502552,,,,,,,,,,,,,
141,521.6168157523316,4359.0,177.95351656158243,5058.570332313914,0.1875962699401061,4.406390765490162,51.455160342878536,32.51516034084885,46.23898602880108,51,36,0.4469744924040533,0.18759626994013978,553.5289236176,4287.0,185.34251076354914,5025.871434381149,0.18738275902513404,4.4730760018235625,52.23151635458274,32.075123246065225,46.69619548087571,52,31,0.47496560674658544,0.18738275902502474,,,,,,,,,,,,,
142,539.003989737977,4246.0,177.50734425532852,4962.511333993306,0.18759626994010506,4.386675997000228,51.8287386231006,31.3383896550514,46.43865323540895,51,33,0.4553135425492052,0.18759626994013973,928.0807283453747,4369.0,185.7484574265914,5482.829185771966,0.1873827590251343,4.6877578869570815,56.5974663031924,32.95839201692496,47.316659019738395,46,27,0.5722720331665122,0.18738275902502502,,,,,,,,,,,,,
143,586.6956195217762,4348.0,178.86124642603005,5113.556865947807,0.18759626994010814,4.6407579415156635,52.42826924063044,33.00728932581111,46.5609160258214,61,40,0.46832171210807116,0.18759626994013925,835.4007665952909,4528.0,186.5046325832387,5549.9053991785295,0.1873827590251347,4.660173844446467,55.31538898762405,33.67675228789548,46.961381321671034,46,30,0.5299308235898996,0.18738275902502474,,,,,,,,,,,,,
144,430.03474879213013,4347.0,178.22275847052876,4955.257507262659,0.1875962699401067,4.3963417045251365,50.50682718352309,33.303125498875794,46.20647969560136,50,44,0.42151913286069276,0.18759626994013975,407.16913509436165,4402.0,184.99228226994407,4994.161417364306,0.18738275902513385,4.584984670482719,49.912431603514406,32.68181047537577,45.84074025257065,47,38,0.40080959114483244,0.18738275902502538,,,,,,,,,,,,,
145,853.0711610947687,4284.0,178.4689225015654,5315.540083596335,0.18759626994010725,4.614368213827028,55.04404681694004,32.711260836985716,46.51328817190776,52,25,0.5055065580513726,0.18759626994013956,965.7273752481514,4574.0,188.38313086712046,5728.110506115272,0.18738275902513576,4.828316813212097,56.30209775401761,34.22370477824234,46.644372343985786,80,45,0.48849492369904113,0.18738275902502402,,,,,,,,,,,,,
146,555.0200085978698,4301.0,178.6227750209633,5034.642783618833,0.1875962699401076,4.610246495645982,52.06160422593812,33.086753934633315,46.510217114008306,69,25,0.474107043797621,0.18759626994014098,1145.456428987844,4379.0,185.28679259411197,5709.743221581955,0.18738275902513402,4.764976522312426,58.27469557572436,32.61922134101393,46.82012719799089,55,43,0.5399237587221839,0.18738275902502433,,,,,,,,,,,,,
147,701.6406004006491,4303.0,178.80739804424078,5183.44799844489,0.18759626994010803,4.608243357967169,53.337903969632926,32.281426027293364,46.32149796562665,44,32,0.4586618766001962,0.18759626994013937,611.3596799367299,4267.0,183.36053587928407,5061.7202158160135,0.1873827590251329,4.468884516079479,52.32422000843414,32.47067010895136,46.21062320906649,43,36,0.4346262403343726,0.18738275902502402,,,,,,,,,,,,,
148,1242.9961922740556,4449.0,181.69213278295143,5873.688325057007,0.18759626994011447,5.003674462101302,59.6520538284385,33.164126965659875,47.222091905697795,46,30,0.5565824579042472,0.1875962699401395,668.1830872536876,4540.0,188.231895835791,5396.4149830894785,0.18738275902513568,4.5346527811038975,53.397634385207596,34.030148613694074,46.715618996513555,64,29,0.48075211725505296,0.1873827590250259,,,,,,,,,,,,,
149,738.0790092579333,4472.0,180.93825543790172,5391.017264695835,0.1875962699401128,4.569902432898038,54.14229517909791,33.34764249205959,46.76119228372455,58,28,0.5065952504487757,0.18759626994013737,513.0606173929061,4339.0,185.0957588703274,5037.156376263234,0.1873827590251339,4.427584459622103,51.63260677747773,32.931016919785755,46.50200060354872,34,28,0.46930515269712314,0.1873827590250248,,,,,,,,,,,,,
150,886.2178662321523,4492.0,180.39207899403917,5558.6099452261915,0.18759626994011158,4.570895772083062,55.99469314372929,33.48237949404624,47.132514481407945,50,41,0.5623937694612691,0.18759626994013848,404.14529412056754,4356.0,184.76144985370436,4944.906743974272,0.1873827590251337,4.335079276198399,50.11623290506303,32.03748925427821,46.07477996385743,36,36,0.3994458367598119,0.18738275902502563,,,,,,,,,,,,,
151,1035.2386895308616,4353.0,180.8074807964135,5569.046170327275,0.18759626994011253,4.61169055268102,57.578492234832936,32.20872854256749,47.226105339524096,49,41,0.5791721369015485,0.18759626994013862,556.5118771698235,4309.0,185.04800043938124,5050.559877609205,0.18738275902513388,4.589358157961935,52.07446656278714,32.30581317408392,46.509347791089084,45,57,0.4911564633799227,0.18738275902502405,,,,,,,,,,,,,
152,1011.4506963092307,4401.0,180.71516928477476,5593.1658655940055,0.1875962699401123,4.747499559257989,57.406346216805346,33.38626043968729,47.29183925371286,45,26,0.5807108785286634,0.18759626994014048,477.0313209183053,4314.0,183.8222007117635,4974.853521630069,0.18738275902513318,4.389348866161848,51.0905028560003,32.44991186080051,46.320024562712454,57,31,0.4256687776530693,0.1873827590250224,,,,,,,,,,,,,
153,1330.8649231570976,4588.0,183.02295707574328,6101.887880232841,0.18759626994011738,4.858397148678603,60.879167216585664,34.982351850747456,47.570517985014945,46,28,0.6146391205838087,0.187596269940141,415.7924567170717,4300.0,184.7375706382313,4900.530027355303,0.1873827590251337,4.450057473710216,50.63883643576146,32.094373751067415,46.48056209540004,74,32,0.43907515474854336,0.1873827590250254,,,,,,,,,,,,,
154,627.3945715257305,4411.0,178.7843201663311,5217.178891692061,0.18759626994010797,4.576159474798819,52.51270089635292,33.76788286636152,46.23875518109535,44,36,0.4712231549429159,0.1875962699401381,520.4597875952735,4327.0,185.67681978017217,5033.136607375445,0.18738275902513424,4.425098527120322,51.44536041100761,32.956039013856966,46.240120174181826,68,41,0.44321538926906484,0.18738275902502513,,,,,,,,,,,,,
155,1048.9129577398314,4436.0,182.0613788295064,5666.974336569338,0.18759626994011527,5.15552431927215,57.95854718386679,33.6506902380482,47.4693224408226,51,28,0.607529546050432,0.18759626994013928,991.2985076763657,4528.0,188.43884903655763,5707.737356712923,0.1873827590251358,4.794019662873658,57.25483122096179,33.9421194453272,47.34184614419811,42,29,0.5612710035994626,0.1873827590250239,,,,,,,,,,,,,
156,629.7543638323677,4349.0,178.58431189111383,5157.338675723481,0.18759626994010753,4.539777122636427,52.890650660950065,32.625914493817525,46.5931070226266,37,37,0.48406974334003827,0.18759626994013937,949.6562014008733,4341.0,185.81213533451958,5476.468336735393,0.18738275902513432,4.5830148858809565,56.573465587716576,33.45890180283027,47.076697011624674,88,36,0.5424305759298749,0.1873827590250227,,,,,,,,,,,,,
157,843.6455714321106,4517.0,181.92291156204828,5542.568482994159,0.18759626994011497,4.817662960890438,55.26921093746543,33.711977246593946,46.83272227759048,52,32,0.5230742032339546,0.1875962699401386,705.3924988138513,4435.0,186.28175990549002,5326.674258719341,0.1873827590251346,4.466138900282106,53.75426726735589,32.838713475849175,46.700342279217764,36,34,0.502293759729354,0.18738275902502358,,,,,,,,,,,,,
158,741.0455869454063,4272.0,177.29964335414135,5190.345230299547,0.1875962699401046,4.65101573092871,53.81318555822785,31.962117951052736,46.40251573711724,71,35,0.47249469570797414,0.18759626994014,819.141035127647,4369.0,187.2210090474309,5375.362044175078,0.18738275902513513,4.757907876108099,55.04828468962607,32.8555938822727,46.85558617798753,64,32,0.5260762309139697,0.1873827590250253,,,,,,,,,,,,,
159,976.4979905240999,4383.0,180.12283708509284,5539.620827609193,0.187596269940111,4.6819047067046675,56.51062744048938,32.74223928237797,46.74563155290814,51,37,0.5295893425178173,0.18759626994013948,957.0774821273754,4398.0,187.69063361840134,5542.768115745776,0.18738275902513538,4.717666941404211,56.74233281309954,33.29764791632357,47.171557991826134,35,42,0.5575925410730452,0.18738275902502302,,,,,,,,,,,,,
160,641.976709236202,4343.0,179.77666891644756,5164.753378152649,0.18759626994011022,4.648612146405444,52.959155882624046,32.078696646125756,46.539368709910576,60,28,0.469801772695217,0.1875962699401394,965.3491832542506,4438.0,187.03793506213734,5590.387118316387,0.18738275902513502,4.5623934819071215,56.78353141485397,34.30369638365484,47.13003958231182,44,37,0.5415801775028856,0.1873827590250261,,,,,,,,,,,,,
161,1087.9942400662146,4485.0,182.56909214351947,5755.563332209735,0.18759626994011638,4.780571499037657,58.475961153102475,34.223887729210375,47.594823464292574,63,42,0.6086832389002739,0.1875962699401371,756.25347164256,4456.0,186.99813636968221,5399.251608012242,0.187382759025135,4.609673305576624,54.994285741287705,34.04467154452239,47.43091174814692,75,41,0.5785268018037582,0.18738275902502732,,,,,,,,,,,,,
162,640.5591818206747,4469.0,180.41515687194885,5289.974338692624,0.18759626994011164,4.580086484668721,53.41650793068371,33.05824163257047,47.01066933473952,68,36,0.5004501974222589,0.18759626994013714,1200.424752711906,4307.0,186.24992095152592,5693.674673663432,0.18738275902513457,4.808857510799497,59.18106593547983,32.236833497512286,47.17681840836055,48,37,0.5349264299530755,0.1873827590250247,,,,,,,,,,,,,
163,555.9622652211962,4338.0,178.88432430393974,5072.846589525137,0.1875962699401082,4.446442262603387,52.20693944187326,32.59517613077552,46.64731678966129,38,32,0.46579275338855103,0.18759626994013956,988.2205759016601,4382.0,186.600149445131,5556.820725346791,0.18738275902513477,4.809322298074981,57.10163030209022,33.22048612228787,47.219424543073586,40,32,0.5523771354012993,0.1873827590250264,,,,,,,,,,,,,
164,628.4211854337609,4313.0,179.78436154241746,5121.205546976178,0.18759626994011022,4.500927774151764,52.837286495386024,32.54933470669522,46.55307464104861,45,29,0.48631047234987046,0.18759626994014067,996.3149679889757,4490.0,186.9583376772271,5673.273305666203,0.187382759025135,4.716628353530559,57.40691834906249,33.27250564773177,47.44361964720824,63,25,0.5842360895944123,0.18738275902502413,,,,,,,,,,,,,
165,727.1423653526698,4440.0,180.5151610095575,5347.657526362227,0.18759626994011186,4.658624171031236,53.724471425580525,33.28667590285429,46.452885042316346,59,32,0.4834618017396401,0.18759626994013864,1389.937967494749,4385.0,187.80206995727568,5962.740037452024,0.18738275902513546,4.934117311651688,60.95488401844092,33.210665994744765,47.05546420777886,55,32,0.5575903667172174,0.1873827590250254,,,,,,,,,,,,,
166,827.7252953661227,4470.0,180.6382430250758,5478.363538391199,0.18759626994011214,4.955152221833797,55.346826373560646,33.46249516269326,47.0695734198993,41,37,0.5315415571633706,0.18759626994013787,568.0510289957859,4405.0,185.64498082620807,5158.696009821993,0.18738275902513424,4.425710404279651,52.40304462119948,32.8921416293355,46.722534331241455,46,37,0.4760944116054951,0.18738275902502305,,,,,,,,,,,,,
167,693.7508037828735,4343.0,178.85355380006015,5215.604357582934,0.18759626994010814,4.635101488951705,53.364680747551,32.50415975356594,46.427016316314386,68,32,0.47162185448483196,0.18759626994014098,362.28361011954576,4311.0,183.71076437288914,4856.994374492436,0.1873827590251331,4.595186942379058,49.65433353430982,32.512336825090614,46.031483914790876,52,36,0.4079579033599874,0.1873827590250253,,,,,,,,,,,,,
168,975.813556389458,4322.0,178.55354138723425,5476.3670977766915,0.18759626994010745,4.801142645647426,56.738330904910406,32.489402959494676,46.98019534101527,31,31,0.5191835882603223,0.18759626994013895,779.9890672746441,4407.0,185.45394710242348,5372.443014377068,0.18738275902513413,4.547898830853249,54.70022840648735,32.97147811783858,46.900178832871674,57,41,0.5099465468443274,0.18738275902502405,,,,,,,,,,,,,
169,839.3258186087919,4390.0,181.36904249221584,5410.6948611010075,0.18759626994011375,4.645154851173171,55.38234996456344,32.85935827784603,46.98909177847575,43,37,0.5077164148795925,0.1875962699401407,564.6327730777979,4281.0,185.05596017787227,5030.68873325567,0.1873827590251339,4.595903303213768,51.50351329163405,32.04956537211639,45.85715288118838,52,29,0.40713968080794843,0.18738275902502247,,,,,,,,,,,,,
170,529.4129375549763,4246.0,178.4766151275353,4953.889552682512,0.18759626994010728,4.417242215434354,51.33330393894093,32.27442486063506,46.03917456339134,41,23,0.4132559622324399,0.18759626994013948,603.1073912049894,4342.0,186.12256513566953,5131.22995634066,0.1873827590251345,4.5491147562924965,52.828754289856725,31.891751886856994,46.79768037780741,35,38,0.4921214338718792,0.18738275902502588,,,,,,,,,,,,,
171,386.15155392243673,4248.0,176.7457742843089,4810.897328206745,0.1875962699401033,4.485467784535153,49.63238160745673,31.921783726174162,45.770866068232294,43,28,0.403893210740792,0.18759626994014025,647.0472686210005,4410.0,185.86785350395675,5242.915122124958,0.18738275902513435,4.491613853443659,53.21247064084954,32.6793653742844,46.74199795463935,50,36,0.48912416992683494,0.18738275902502385,,,,,,,,,,,,,
172,749.0006302583124,4334.0,180.10745183315305,5263.108082091466,0.18759626994011097,4.456458291769493,54.3452985140788,32.44241453661919,46.85432412325648,71,36,0.49168436389139797,0.18759626994013748,771.9888207447224,4335.0,186.97425715420914,5293.963077898931,0.187382759025135,4.541278906146542,54.77123050143561,32.407624240819885,47.05012347322268,77,30,0.5533299918649536,0.18738275902502577,,,,,,,,,,,,,
173,548.4778141606324,4471.0,179.7074352827185,5199.185249443351,0.18759626994011006,4.590913775966714,52.12845891106027,33.693054536475564,46.64368076945415,46,37,0.4803848410223074,0.18759626994013665,843.8165271455475,4415.0,186.9583376772271,5445.774864822774,0.187382759025135,4.592811682366628,55.482409226466125,33.338457215038154,47.04418963745035,54,34,0.5427607954552256,0.1873827590250243,,,,,,,,,,,,,
174,746.2181628340953,4326.0,180.1920707188219,5252.410233552917,0.18759626994011114,4.8055550148239075,54.13587697808669,31.887772368487568,46.673695349745394,44,34,0.48921864931434145,0.1875962699401384,494.13691059377544,4261.0,184.49877848350056,4939.635689077276,0.18738275902513357,4.60443721092089,51.445142030734395,30.99754631751998,46.50377292479674,49,37,0.45489948380244727,0.18738275902502435,,,,,,,,,,,,,
175,1185.3948585040407,4351.0,177.35349173593062,5713.748350239971,0.1875962699401047,4.803310788060926,58.44562056670875,33.09608398283465,46.59158379813438,68,33,0.5522950045101708,0.1875962699401408,669.6847765552002,4232.0,184.7694095921954,5086.454186147395,0.18738275902513374,4.537868706384527,53.22615515408402,31.856594739999238,46.529307388532104,48,36,0.46028895004961645,0.1873827590250233,,,,,,,,,,,,,
176,957.2172797173695,4512.0,181.2613457286373,5650.478625446007,0.18759626994011352,4.692877761134569,57.09026471960477,34.341337243773445,47.51809192243091,47,27,0.5969225239219074,0.1875962699401397,480.74516311678144,4171.0,183.2093008479546,4834.954463964736,0.18738275902513282,4.41325518719217,50.744538553843476,31.182408059752337,45.93708692267605,49,30,0.4143236402543894,0.18738275902502366,,,,,,,,,,,,,
177,906.2495680748423,4452.0,178.89970955587953,5537.149277630722,0.18759626994010825,4.683271457558968,55.80053200356399,34.236619166779064,46.7380363228155,38,29,0.49997975589158433,0.18759626994013884,676.1005346362075,4379.0,186.32155859794514,5241.422093234152,0.18738275902513463,4.594291762577265,53.21626515269382,32.48670163497728,46.455028855070516,56,30,0.49334676031567426,0.18738275902502402,,,,,,,,,,,,,
178,499.09587251725077,4342.0,179.16125883885596,5020.257131356107,0.18759626994010883,4.468533391628281,51.613806293946126,33.23582043327909,46.62224617221266,61,39,0.44504373130668073,0.1875962699401378,961.1913835007929,4361.0,186.71158578400534,5508.902969284798,0.18738275902513485,4.789166739795837,56.84593469687367,32.83147699101193,47.234020861865005,48,28,0.5396076886186635,0.1873827590250247,,,,,,,,,,,,,
179,538.1422366295147,4343.0,179.12279570900648,5060.265032338521,0.18759626994010875,4.744893361846074,52.09276693226247,32.85966254974722,46.711294110305126,71,34,0.47541547936686335,0.18759626994013928,900.2118706236013,4385.0,188.70948014525246,5473.921350768854,0.18738275902513596,4.61292598930728,56.60795182970551,32.53099224819242,47.60505484371485,99,33,0.6194710944902636,0.18738275902502347,,,,,,,,,,,,,
180,457.14842278946657,4312.0,178.6150823949934,4947.76350518446,0.18759626994010759,4.430847268199941,50.6960480681584,33.26033707617408,46.12456384026366,44,28,0.4199390985824799,0.18759626994014036,922.4775202837156,4410.0,186.82302212287968,5519.300542406595,0.1873827590251349,4.703051223403404,56.35178657734502,33.32691581517281,47.127011374507845,35,30,0.5587704079718628,0.18738275902502602,,,,,,,,,,,,,
181,461.12244141754957,4413.0,179.89975093196588,5054.0221923495155,0.1875962699401105,4.434574032973486,50.96091671164265,32.43783117625689,46.34940498256491,96,35,0.44865331983719636,0.18759626994014064,914.2804875998571,4428.0,187.60307649500007,5529.883564094857,0.18738275902513535,4.7666843603025955,56.48423276452858,33.27909039830825,47.341216819460705,61,27,0.5531587808491149,0.18738275902502333,,,,,,,,,,,,,
182,807.4976133799698,4268.0,179.81513204629704,5255.312745426267,0.1875962699401103,4.663536199938516,54.82344324267046,32.16567561789509,46.748467108871004,46,26,0.553573566911113,0.18759626994013787,959.9742885846736,4266.0,184.20426815933266,5410.1785567440065,0.1873827590251334,4.920774782306417,55.85619199265731,31.592507836085222,46.256449106810514,45,27,0.4847979436858243,0.18738275902502435,,,,,,,,,,,,,
183,650.6848848112212,4466.0,179.5689680152604,5296.253852826481,0.18759626994010975,4.7295804839491895,53.395267078761265,33.28278708642025,46.88840107395066,73,34,0.5232063196739891,0.18759626994014014,832.0769748675748,4431.0,186.10664565868748,5449.1836205262625,0.1873827590251345,4.684818454835285,55.4120948219503,32.44494604178862,47.09129522726308,66,26,0.5379497210619396,0.18738275902502702,,,,,,,,,,,,,
184,745.2231832649303,4354.0,181.16903421699857,5280.392217481929,0.18759626994011333,4.481252950109955,54.61944326642912,32.47571944006609,47.16721143377984,46,45,0.5464799784023402,0.18759626994013925,637.9333945647297,4436.0,184.968403054471,5258.901797619201,0.18738275902513385,4.492059258412596,52.876011344839505,33.38186648247551,46.49552187503159,87,40,0.48700220406240285,0.1873827590250258,,,,,,,,,,,,,
185,685.5162476917201,4326.0,177.87659030188348,5189.392837993604,0.18759626994010592,4.467197372127412,52.95814141558163,32.74517023669608,46.10296916981047,70,42,0.46980171318206887,0.18759626994013864,920.7992838818823,4393.0,186.36135729040026,5500.160641172283,0.18738275902513463,4.752624561174493,56.12563474229798,33.42692478102915,46.91754530475811,58,47,0.5418257177832572,0.1873827590250244,,,,,,,,,,,,,
186,701.2469232315393,4503.0,182.09214933338598,5386.339072564926,0.18759626994011536,4.473210536790796,54.26720921466933,33.15626706875383,47.254563435655484,61,36,0.543924556612872,0.1875962699401394,866.3537318623911,4436.0,188.23985557428202,5490.593587436673,0.18738275902513568,4.754284506845433,56.33169808041254,33.01859831994076,47.668160761788705,47,31,0.593120197002122,0.18738275902502657,,,,,,,,,,,,,
187,1592.5011327952502,4532.0,182.08445670741608,6306.585589502667,0.18759626994011533,4.976249880396743,63.37283883228901,33.67566720697494,47.44782750433692,46,27,0.6083110537090103,0.1875962699401394,1112.2136176244592,4504.0,188.56620485241402,5804.779822476873,0.18738275902513588,4.861101336185913,58.53150089738253,33.527939110750275,47.40933407941826,52,38,0.5925676195392933,0.1873827590250248,,,,,,,,,,,,,
188,1131.6791694246213,4469.0,181.7613664166805,5782.440535841301,0.18759626994011463,4.924366436965299,58.63723052682134,32.78610191560348,47.32016453974365,70,32,0.6077336423609101,0.1875962699401387,725.5525418008651,4400.0,187.00609610817324,5312.558637909039,0.18738275902513502,4.54188689295272,54.125829003925865,32.89121704620146,46.87030358591698,49,32,0.511461480005418,0.18738275902502596,,,,,,,,,,,,,
189,629.9989034001701,4455.0,181.23057522475773,5266.229478624928,0.18759626994011344,4.39991951192431,53.041043256241494,33.91024256372321,46.74035513296502,66,36,0.4760814434787897,0.18759626994013723,1210.8924043783043,4300.0,186.63994813758612,5697.532352515891,0.1873827590251348,5.068395063154644,58.774337019259335,32.238434120508956,46.66540785611084,51,39,0.5010309226959585,0.18738275902502477,,,,,,,,,,,,,
190,609.6607187803727,4408.0,180.73824716268444,5198.398965943057,0.18759626994011236,4.420723394857188,52.96899211739493,32.389659776742384,46.872343935710276,74,28,0.49088928206863747,0.18759626994014,662.6539731642472,4235.0,184.38734214462622,5082.041315308873,0.18738275902513352,4.641387199317862,52.974590678440634,31.76424221559499,46.348050946798075,49,26,0.447633043544687,0.1873827590250262,,,,,,,,,,,,,
191,1003.4551067472455,4571.0,181.61520652325248,5756.070313270498,0.1875962699401143,4.787828821166105,57.184064484799315,34.6260740599774,47.14947171098587,53,35,0.572716994161986,0.187596269940137,567.1065332728998,4101.0,183.28889823286485,4851.3954315057645,0.18738275902513288,4.46516191808681,52.081287741475805,31.076054171411904,46.41022240874675,41,31,0.4759175968193863,0.1873827590250255,,,,,,,,,,,,,
192,579.6283579636183,4265.0,178.55354138723425,5023.181899350852,0.18759626994010745,4.6036833021681165,52.397502251351256,32.44402408919183,46.60120990884443,51,36,0.44219732624265373,0.18759626994013748,617.493618071732,4292.0,185.1673965167466,5094.661014588479,0.18738275902513396,4.667631992730479,52.96883732264319,32.74027716204006,46.79359529430864,54,30,0.5111803212625253,0.18738275902502474,,,,,,,,,,,,,
193,701.506199655227,4384.0,180.12283708509284,5265.62903674032,0.187596269940111,4.649835532765957,53.86513535667778,32.25884839256068,46.849480385225874,66,46,0.503546719431367,0.18759626994013873,655.7538423128849,4377.0,184.76144985370436,5217.515292166589,0.1873827590251337,4.467757722184526,52.67938979966525,32.0798657580365,46.121851376536746,42,40,0.44259890838115296,0.1873827590250254,,,,,,,,,,,,,
194,659.1352492023475,4406.0,180.55362413940696,5245.688873341754,0.18759626994011194,4.574795289728943,53.209622016584255,33.41752071539567,46.61749163106703,85,28,0.4959059032855299,0.1875962699401377,654.090424835115,4327.0,183.94159678912885,5165.032021624244,0.18738275902513324,4.520631573003713,52.58823006984565,32.338950288143636,46.04714824550497,67,25,0.43485919489952296,0.18738275902502513,,,,,,,,,,,,,
195,1550.6751879735857,4472.0,181.6075138972826,6204.282701870869,0.18759626994011427,5.055574694671918,63.03254206597232,33.51085123206499,47.525595659537096,61,39,0.6149014228919438,0.1875962699401392,1001.8803727639257,4442.0,185.8200950730106,5629.700467836937,0.18738275902513432,4.724256426069454,56.742600052921524,32.71555504286829,46.72379632528305,50,24,0.5274530230237172,0.18738275902502274,,,,,,,,,,,,,
196,1350.5229888439367,4456.0,181.8844484321988,5988.407437276136,0.18759626994011488,4.889861418167896,60.91563177523134,33.90809727058825,47.41023358366397,78,29,0.5975818176129268,0.18759626994013767,1340.2632441908188,4364.0,184.4828590065185,5888.746103197337,0.18738275902513357,4.891418586082428,60.355082409118964,32.64274647338809,46.952449967210875,47,40,0.5550360595440046,0.18738275902502477,,,,,,,,,,,,,
197,734.5556686129539,4437.0,181.5690507674331,5353.124719380387,0.1875962699401142,4.704300379863511,54.41418049362638,32.71446844648979,47.0686238074969,50,36,0.5406852156541896,0.18759626994014125,766.9796686062641,4436.0,186.62402866060407,5389.603697266868,0.1873827590251348,4.604383089907845,54.558515991132865,33.60227160736421,46.888703278171135,71,25,0.5368415468694947,0.18738275902502646,,,,,,,,,,,,,
198,1048.9220176028655,4328.0,179.94590668778525,5556.867924290651,0.18759626994011058,4.68115191379178,57.6001484494049,31.141100231393505,47.1109282733763,41,20,0.5427683154708998,0.18759626994013698,646.4740065451066,4199.0,184.37142266764417,5029.845429212751,0.1873827590251335,4.495245201640728,52.85548113147157,31.44570579927709,46.390741066020226,47,36,0.46904347433313637,0.18738275902502366,,,,,,,,,,,,,
199,744.3434424188796,4426.0,181.48443188176427,5351.827874300644,0.18759626994011402,4.695788295554822,54.52015195792194,32.84285637431679,47.07671753373344,43,35,0.5420235913301336,0.187596269940141,847.9626824919627,4398.0,186.5046325832387,5432.467315075202,0.1873827590251347,4.702139467698296,55.332833821401515,32.482785160606774,46.853206996481546,47,37,0.5423639084975348,0.187382759025025,,,,,,,,,,,,,
