,h_cost,r_cost,C_cost,total_cost,mean_p,mean_wait,mean_queue,mean_orbit,mean_server,x_T,y_T,mean_p_time,mean_congested_time,h_cost,r_cost,C_cost,total_cost,mean_p,mean_wait,mean_queue,mean_orbit,mean_server,x_T,y_T,mean_p_time,mean_congested_time,h_cost,r_cost,C_cost,total_cost,mean_p,mean_wait,mean_queue,mean_orbit,mean_server,x_T,y_T,mean_p_time,mean_congested_time
0,6118.798594978916,7675.0,852.0437180042885,14645.842312983206,0.16933737541947624,4.2453176106337525,94.71394148090182,57.44614298483941,91.65454218341156,79,62,0.2638665586211737,0.1693373754193482,3948.120725652155,7395.999999999999,1110.5532969555638,12454.67402260772,0.16501438917292668,4.061582987921644,92.47336977698929,55.37450911606806,90.4993094141627,86,50,0.21273135893074857,0.16501438917287187,,,,,,,,,,,,,
1,6338.082083107023,7823.0,859.9601729230686,15021.04225603009,0.16933737541947805,4.1280796674585485,94.51583582233921,58.99687096979371,91.3467947807855,83,56,0.25647777647895564,0.16933737541934593,3966.8512438125617,7520.0,1102.6463024020077,12589.49754621457,0.1650143891729266,4.069378440826731,91.71210679695312,56.05163590954121,89.72868117504716,95,53,0.19137270858080466,0.16501438917287228,,,,,,,,,,,,,
2,5977.349735105994,7981.999999999999,867.7826081872315,14827.132343293226,0.1693373754194798,4.141487710549059,94.62325382578197,60.200370249906484,91.63457895822891,92,61,0.2624649298782543,0.16933737541934574,5495.593831669954,7409.0,1107.3219555281044,14011.915787198057,0.16501438917292666,4.100962690188825,93.3345088641201,55.69435384953037,90.58661864832484,107,59,0.24825229774213475,0.16501438917287345,,,,,,,,,,,,,
3,8442.262608851759,7779.000000000001,860.1482122323032,17081.410821084064,0.16933737541947808,4.165175169950115,96.25236104535826,58.38667909111446,92.03122974093289,93,61,0.2898879815910782,0.16933737541934657,5152.242306939109,7373.0,1103.649976633264,13628.892283572372,0.1650143891729266,4.111851268319192,93.05799117954597,54.8599545421701,90.481870026077,89,49,0.2353555649178045,0.16501438917287164,,,,,,,,,,,,,
4,4821.9173079499105,7680.0,859.0011724459717,13360.918480395881,0.16933737541947783,4.134813487938877,94.14408618147571,56.76325133042768,91.73312056919919,101,44,0.2504650567541398,0.1693373754193456,4075.735281871449,7742.0,1123.8213806955869,12941.556662567034,0.16501438917292682,4.090579120645602,93.94869032151006,56.99914868131122,91.91082268057443,76,61,0.2347832903738293,0.16501438917287237,,,,,,,,,,,,,
5,8420.47275691376,7759.999999999999,859.8849571993748,17040.357714113135,0.16933737541947802,4.199330337631812,95.28278997322303,59.48319937877247,91.0719899685023,160,65,0.26501430367869194,0.16933737541934518,6248.787849776683,7436.0,1115.9633458606286,14800.751195637313,0.16501438917292674,4.152638806183706,94.7914526269635,55.234365383676284,91.66705870207419,91,63,0.27858715040239407,0.16501438917287573,,,,,,,,,,,,,
6,7976.485398348417,7748.999999999999,861.7089384989513,16587.19433684737,0.16933737541947844,4.122289375586642,95.81078266200585,57.65996784781947,91.82213869108841,111,50,0.28055503019307493,0.1693373754193476,6513.915345426116,7679.000000000001,1128.0074366357048,15320.922782061822,0.16501438917292688,4.074388276331882,95.05560709684853,57.07905213136095,91.79864804369491,106,52,0.2751878809504797,0.16501438917286976,,,,,,,,,,,,,
7,3901.904152587407,7706.999999999999,854.4506211624924,12463.3547737499,0.16933737541947677,4.061521329459157,92.47100961806461,57.388070408150405,90.51997189741208,111,49,0.21053548889195098,0.16933737541934685,4061.2249344804595,7240.000000000001,1108.1297908849692,12409.354725365429,0.16501438917292666,4.1120558064997175,92.6683046125798,52.99245168343922,90.63768380956454,125,41,0.21280628761470471,0.1650143891728732,,,,,,,,,,,,,
8,4950.104785439525,7768.000000000001,863.6269394531449,13581.731724892672,0.16933737541947885,4.12322780854094,93.92875151025125,57.61806411614517,91.4535150918009,112,59,0.23188936279468272,0.1693373754193474,4416.213945468201,7597.0,1120.8103580018178,13134.024303470016,0.1650143891729268,4.166174414939938,93.71150043545462,56.65777028229453,91.50339346272071,98,43,0.2478678015675505,0.16501438917287198,,,,,,,,,,,,,
9,5960.565671843862,7905.0,860.4490751270788,14726.01474697094,0.16933737541947816,4.124944206704972,94.51620069480784,59.564280843575254,91.53591785888639,92,57,0.25806525949879894,0.1693373754193459,5087.642579401283,7465.000000000001,1121.128596172704,13673.771175573987,0.1650143891729268,4.134100973624059,94.00693105192437,56.328501085918106,91.46310976222392,81,70,0.25909276071659054,0.16501438917287087,,,,,,,,,,,,,
10,6992.357249567565,7791.0,859.6028982355227,15642.960147803085,0.16933737541947796,4.130533510911376,95.59603261374299,58.21673720647287,92.09985398896022,86,53,0.29315557199524767,0.16933737541934513,5570.781159224147,7665.000000000001,1121.7405926551774,14357.521751879323,0.1650143891729268,4.09884307091367,94.06319366664903,57.01244111818687,91.27774447625661,108,63,0.24421160455224833,0.16501438917287362,,,,,,,,,,,,,
11,6601.2254562059425,7631.0,849.6368148460846,15081.862271052027,0.16933737541947566,4.158026290029416,94.16225150594293,57.561171850763806,90.86161056193066,109,73,0.2398713443355906,0.16933737541934865,3844.8669600677986,7317.0,1110.9939344229447,12272.860894490743,0.16501438917292668,4.065536656186931,92.65614841411798,53.156483142882685,90.73371493408386,88,47,0.21445748049667687,0.16501438917287028,,,,,,,,,,,,,
12,4058.824353239629,7773.999999999999,855.1651705375842,12687.989523777214,0.16933737541947694,4.067977373466025,92.61118926094414,57.383625337275475,90.5817770843241,86,58,0.20288607473152512,0.16933737541934407,5746.388979578678,7350.0,1109.5006630057096,14205.88964258439,0.16501438917292668,4.164040441356753,93.53611896433092,54.4070072435766,90.66280316164912,106,56,0.2275276931604659,0.16501438917287387,,,,,,,,,,,,,
13,8850.361215418387,7945.0,855.9173277745228,17651.278543192908,0.16933737541947713,4.166487037160047,95.27847663728082,60.02391707849355,90.8532960295714,82,58,0.25933185904475875,0.16933737541934718,8499.481075999116,7656.0,1117.2607784034722,17272.74185440259,0.16501438917292677,4.135036038019098,95.40395270350531,56.33236855091599,91.1542121655065,76,61,0.26909912734408614,0.16501438917287256,,,,,,,,,,,,,
14,8207.506168101247,7752.0,859.414858926288,16818.921027027536,0.1693373754194779,4.159531730474946,95.800032069104,58.42065691972053,91.69627898505343,77,75,0.27023319479864666,0.16933737541934668,5044.489739470075,7413.0,1113.0257627447563,13570.515502214832,0.1650143891729267,4.071167235343441,93.34600092451123,55.04718419815487,90.82373130841492,106,58,0.23018242053373963,0.1650143891728734,,,,,,,,,,,,,
15,4954.462047424504,7613.0,854.394209369722,13421.856256794226,0.16933737541947677,4.157102931608297,93.1395163063045,55.933263079128196,90.6622852825921,88,62,0.22617088658705484,0.1693373754193467,7496.961590401412,7563.0,1119.586365036871,16179.547955438284,0.1650143891729268,4.138666644324324,95.6647121325875,57.08411414973371,91.9159896568915,138,59,0.2834121545169314,0.1650143891728715,,,,,,,,,,,,,
16,9107.890891709176,7619.0,860.1858200941501,17587.076711803325,0.1693373754194781,4.216673007572644,96.43911641644236,57.65188975779888,91.88507903123947,110,58,0.30134132815733883,0.16933737541934937,5835.5944654547875,7419.0,1114.2252758504042,14368.819741305191,0.16501438917292674,4.126964581745254,94.38858376562646,55.625749798352395,91.47078653289935,87,67,0.2696006739166613,0.16501438917287142,,,,,,,,,,,,,
17,4367.925236114257,7914.0,862.5551153905071,13144.480351504766,0.16933737541947863,4.111581038738,94.21662538133351,59.890503315436426,92.03248605478359,121,50,0.23653431166079508,0.16933737541934804,6732.039174113061,7715.000000000001,1123.1114647759177,15570.150638888977,0.16501438917292682,4.1430142752285635,95.30060004412942,58.14457989609342,91.93458045707257,93,66,0.28288579437328465,0.1650143891728729,,,,,,,,,,,,,
18,6054.378407780379,7695.0,861.8593699463389,14611.237777726717,0.16933737541947846,4.1264129189725365,94.21418064920307,58.39638901093992,91.18699144531355,90,46,0.2672083251156798,0.16933737541934454,4393.703310201828,7542.0,1108.9131463825352,13044.616456584365,0.16501438917292666,4.095457487667122,93.17199820052785,56.42147824421804,90.97514654542665,91,49,0.23779161303271154,0.16501438917287561,,,,,,,,,,,,,
19,4691.83853312716,7679.000000000001,856.406229978533,13227.244763105693,0.16933737541947724,4.083344955454666,93.52432422661563,58.27805372302793,91.17840496005168,89,50,0.2518747459870141,0.16933737541934427,9008.178348352414,7794.0,1121.5692336400848,17923.7475819925,0.1650143891729268,4.154978220902475,96.66573921318418,58.731730067471524,92.16165003900753,99,67,0.31178318586025794,0.16501438917287212,,,,,,,,,,,,,
20,4762.709977929554,7719.0,857.7977208668697,13339.507698796422,0.16933737541947755,4.084910865758202,93.32304043573747,58.16969742480141,90.94168544677366,93,69,0.21377634241599697,0.16933737541934563,3154.6300395168814,7577.0,1112.6096051366744,11844.239644653557,0.1650143891729267,4.055282460935865,91.43098273624776,57.56985297346577,89.85365279659628,113,67,0.18998204874971578,0.1650143891728721,,,,,,,,,,,,,
21,6672.281186736819,7738.0,860.3550554724615,15270.636242209279,0.16933737541947813,4.146496030056529,94.90061499085792,59.376109807952204,91.56447439748992,97,63,0.2736736537689912,0.1693373754193442,4382.1242361092045,7381.0,1105.8286841108693,12868.952920220074,0.16501438917292663,4.136782305252769,92.77018563231182,55.134921344443164,90.57912351425693,98,54,0.2184673732913275,0.1650143891728745,,,,,,,,,,,,,
22,6149.185437990158,7791.0,864.2662731045428,14804.4517110947,0.16933737541947902,4.117096034858571,94.71690529753069,58.95275116926383,91.64230495650041,108,76,0.2651874339978324,0.1693373754193447,6535.296636420253,7389.0,1106.342761156147,15030.6393975764,0.16501438917292663,4.125233148746903,93.77987518860486,56.34320247336569,90.51203170167919,120,58,0.24457633935677708,0.1650143891728735,,,,,,,,,,,,,
23,10780.696446530452,7862.0,863.0064097326704,19505.702856263124,0.16933737541947871,4.161702896328349,97.28143135314798,58.6119296392128,91.89082721136243,120,56,0.3178563677424122,0.16933737541934582,4118.919121036637,7359.999999999999,1108.1297908849692,12587.048911921607,0.16501438917292666,4.065137835212686,92.7640287643431,55.19269353428828,90.70456920382445,100,50,0.21746996528017598,0.16501438917287067,,,,,,,,,,,,,
24,5038.086091994122,7630.0,860.7123301600075,13528.79842215413,0.16933737541947821,4.089133806864343,93.83469612702287,56.96957046105503,91.31484062378205,132,44,0.24608686920846037,0.1693373754193456,8360.486392104223,7537.0,1119.586365036871,17017.072757141093,0.1650143891729268,4.126578143675586,96.04159337349904,56.10751068940695,91.86135017744692,95,43,0.26822751702856956,0.16501438917287742,,,,,,,,,,,,,
25,5249.030280003331,7744.0,858.0797798307218,13851.110059834053,0.1693373754194776,4.15193907474947,93.74680915555611,56.689787601670304,91.1222940155538,100,61,0.24660979391654872,0.16933737541934402,3787.7390338623036,7495.999999999999,1111.6793704833149,12395.418404345619,0.1650143891729267,4.09951615469481,92.6663420652319,56.1133625661951,90.77247254830087,89,62,0.21342023932206924,0.16501438917287373,,,,,,,,,,,,,
26,6183.845227414065,7852.0,861.8969778081859,14897.742205222252,0.16933737541947846,4.141508636836566,94.42254094093569,58.214385768524515,91.33061832722849,71,54,0.2421578293842267,0.16933737541934774,3377.9896848622025,7509.0,1099.512880411744,11986.502565273946,0.16501438917292657,4.086343395007008,91.06499968874375,56.47640486558916,89.37600484631274,95,59,0.17773043426936852,0.1650143891728725,,,,,,,,,,,,,
27,7605.77742175731,7870.999999999999,864.8115871013234,16341.589008858633,0.16933737541947913,4.112358883328107,95.43213542856729,57.99166273791669,91.62924671768914,93,52,0.2854591887528744,0.16933737541934513,6300.798995185108,7450.0,1112.4872058401797,14863.28620102529,0.1650143891729267,4.203393743442679,94.58461765231745,57.18456074284253,91.43421815472522,71,67,0.2701708394967234,0.1650143891728744,,,,,,,,,,,,,
28,9517.986420560836,7861.0,865.0560382033285,18244.042458764165,0.16933737541947919,4.220795713035151,96.3609853242787,59.66476791137798,91.60167012956785,124,70,0.3122531327418072,0.1693373754193457,6743.683302467134,7503.0,1117.6034964336573,15364.286798900792,0.16501438917292677,4.120229768427664,94.50494598615431,56.28171482052049,91.13310433491954,87,46,0.2614627186613951,0.16501438917287328,,,,,,,,,,,,,
29,6621.986750787909,7737.0,860.1858200941501,15219.172570882058,0.1693373754194781,4.130319734648988,94.75451158951422,58.00853714413117,91.4435182141201,90,56,0.26095651451102153,0.16933737541934443,4656.964964030059,7395.0,1108.57042835235,13160.535392382408,0.16501438917292666,4.075411748523261,93.0363111789574,55.667651405876015,90.70779362831324,104,54,0.2276362516405178,0.1650143891728703,,,,,,,,,,,,,
30,4322.799423359946,7592.0,853.830091442018,12768.629514801964,0.16933737541947663,4.101559510198194,92.36137218427125,57.02545074542764,90.19997247259062,82,69,0.21445524647988726,0.16933737541934607,5042.961610571847,7455.0,1114.641433458486,13612.603044030333,0.16501438917292674,4.1005062040371625,93.14876398516628,54.984157353596196,90.62728317988017,89,60,0.2033034530680256,0.16501438917287192,,,,,,,,,,,,,
31,8700.311205324577,7751.000000000001,863.4012922820633,17314.71249760664,0.16933737541947882,4.161324052651519,96.72509901611656,57.99624667285702,92.3748989999126,117,66,0.3190844985276202,0.16933737541934518,6474.232873136988,7575.0,1112.4872058401797,15161.720078977169,0.1650143891729267,4.121715605268989,94.78517184411034,56.147890238773414,91.54804024273484,105,62,0.27046266392196444,0.16501438917287417,,,,,,,,,,,,,
32,4420.4912393944505,7659.999999999999,860.336251541538,12940.827490935988,0.16933737541947813,4.129211334461974,93.74879818311473,57.41037851448504,91.53855256341706,87,54,0.2393771581310509,0.16933737541934374,5562.283428200746,7497.0,1117.1873388255754,14176.470767026321,0.16501438917292677,4.126058603718063,94.52040028603425,55.735114525989616,91.73925599030918,107,47,0.26629207630841883,0.1650143891728722,,,,,,,,,,,,,
33,7605.682867358748,7720.0,858.7943292058135,16184.477196564561,0.16933737541947777,4.126269824615872,95.58893002228282,57.20823626261316,91.78608858860397,90,57,0.2879170344180689,0.16933737541934707,4728.473547470703,7638.0,1124.0172195699784,13490.49076704068,0.16501438917292682,4.121570126922742,94.0615701638107,57.48734744838423,91.69733339007529,76,55,0.2408043475473902,0.16501438917287625,,,,,,,,,,,,,
34,4795.140798394611,7695.0,857.0643675608545,13347.205165955467,0.16933737541947738,4.135870986295584,93.18859364018864,56.78699413452385,90.79100575890041,101,57,0.22202528735503382,0.1693373754193457,2251.421070033465,7456.999999999999,1108.0563513070724,10816.477421340538,0.16501438917292666,4.093014427728683,91.25052296362247,56.06001415996007,90.12481242860531,79,50,0.17174104572942644,0.16501438917287267,,,,,,,,,,,,,
35,5103.384758979303,7841.0,867.6133728089202,13811.998131788223,0.16933737541947977,4.1207340074301975,94.1301699456621,57.540373841094485,91.57847756617358,78,55,0.25701482068891235,0.16933737541934596,5038.095761987819,7488.0,1117.30973812207,13643.40550010989,0.16501438917292677,4.106649304362744,93.92621783150948,56.478893546360354,91.40716995051541,82,62,0.26386847864830454,0.1650143891728732,,,,,,,,,,,,,
36,9274.405933798624,7627.0,863.062821525441,17764.468755324066,0.16933737541947874,4.151546246145888,96.56685287372596,57.62272035046034,91.92964990682684,88,60,0.28779978148321583,0.1693373754193452,7801.145238004004,7650.0,1118.9498886950987,16570.095126699103,0.16501438917292677,4.171466922904971,94.97153364667987,57.4757803478445,91.07096102767805,89,54,0.2411913511488666,0.16501438917287387,,,,,,,,,,,,,
37,4471.593233203312,7406.999999999999,851.178737181809,12729.77197038512,0.16933737541947602,4.115407761319729,92.74847151449318,56.62421961782408,90.51266517223888,102,46,0.22368138667069526,0.1693373754193464,5075.896969967254,7511.0,1118.5582109463157,13705.455180913568,0.16501438917292677,4.1063215312285815,94.0765476628294,56.154556910725425,91.53857155701293,103,45,0.2541742576330782,0.16501438917287345,,,,,,,,,,,,,
38,7798.315996481317,7845.999999999999,869.5501776940373,16513.866174175353,0.16933737541948019,4.215160239104937,96.83973422099335,58.99312576713949,92.94048803325892,112,56,0.3182152422929871,0.16933737541934377,4656.9742351835375,7628.0,1111.5324913275213,13396.506726511061,0.16501438917292668,4.085218276437315,93.84373946566625,57.534388583375915,91.51525234807488,88,57,0.24971233225242634,0.16501438917287306,,,,,,,,,,,,,
39,5289.913053391851,7669.0,853.9241110966353,13812.837164488485,0.16933737541947666,4.144567281218362,93.87171953954513,57.836446275371046,91.22676301284937,83,58,0.2501178788238229,0.1693373754193466,7141.049683297221,7494.0,1108.1542707442682,15743.203954041488,0.16501438917292666,4.1712944875131335,94.7391246185466,56.03905877234966,91.1685997768977,81,60,0.2554042338078988,0.16501438917287353,,,,,,,,,,,,,
40,3716.228174616022,7597.0,848.7530300926816,12161.981204708703,0.16933737541947547,4.142581685232234,92.05512391065963,57.26119104046676,90.19700982335142,89,55,0.19231611801822227,0.16933737541934327,6313.667249454224,7676.000000000001,1120.5655594088284,15110.232808863055,0.1650143891729268,4.105680373741513,94.95065508211383,57.43176085145607,91.79382145738687,81,60,0.28992613716546545,0.16501438917287253,,,,,,,,,,,,,
41,7138.162613438021,7804.000000000001,859.0763881696656,15801.239001607686,0.16933737541947783,4.161695550609465,95.29277768430882,57.6045841568241,91.72369637758952,81,54,0.2610161812169565,0.1693373754193462,3839.7818861940573,7338.0,1113.2216016191478,12291.003487813206,0.1650143891729267,4.11255730852858,92.70164537673499,54.867720480267415,90.78175443363772,86,57,0.21033379306688596,0.16501438917287364,,,,,,,,,,,,,
42,11105.183148408978,7713.0,858.1549955544157,19676.338143963392,0.16933737541947763,4.206256597214484,97.48755113538752,56.822792146481014,91.93495956118208,90,56,0.2924557519594401,0.16933737541934746,8292.513580244016,7545.999999999999,1117.5545367150594,16956.068116959075,0.16501438917292677,4.16685259263177,96.44533978263176,56.13324681683187,92.29902268052736,108,50,0.33418021165767675,0.1650143891728739,,,,,,,,,,,,,
43,6790.419843458794,7779.000000000001,863.7209591077623,15433.140802566559,0.16933737541947888,4.171473541575912,95.28627727466964,58.57268699466093,91.89106735294015,97,63,0.2766144539177046,0.1693373754193456,3217.8415651040978,7481.999999999999,1103.0869398693885,11802.928504973486,0.1650143891729266,4.115890454846536,91.88579391109722,55.36070278993076,90.27686827918821,104,45,0.18697948524433616,0.16501438917287264,,,,,,,,,,,,,
44,5985.5598789442265,7781.0,857.8729365905638,14624.432815534792,0.16933737541947758,4.128500906203026,94.32774969878842,58.19200631376482,91.3349227622983,120,54,0.27119879428139837,0.16933737541934665,4535.640517505579,7526.000000000001,1108.986585960432,13170.627103466011,0.16501438917292668,4.113248294859693,92.55354325590665,55.646435477802704,90.28572299715434,87,49,0.21984395870505796,0.16501438917287434,,,,,,,,,,,,,
45,13556.959746031527,7741.0,865.2064696507163,22163.166215682242,0.1693373754194792,4.230253892125159,98.54905081353914,58.387505908628,91.77057094052343,88,52,0.3074858783961699,0.16933737541934635,6071.2856573782265,7531.0,1106.4651604526416,14708.750817830867,0.16501438917292666,4.144526210314494,94.14221438689431,56.69279745656277,91.10657155820593,86,51,0.27141081893574764,0.16501438917287317,,,,,,,,,,,,,
46,7701.81553076014,7834.0,863.1192333182114,16398.934764078353,0.16933737541947874,4.166949178947264,95.79913682806884,59.053833091020365,91.94822906268878,85,55,0.28664892523821495,0.16933737541934382,3068.037009095127,7492.0,1110.6512163927596,11670.688225487887,0.16501438917292668,4.039883610114358,91.7181914399771,55.65438667631808,90.18411678360052,111,45,0.18381755541519385,0.16501438917287128,,,,,,,,,,,,,
47,5628.235237103221,7817.0,859.9789768539921,14305.214213957213,0.16933737541947805,4.128356826635986,93.99413507210325,58.42306252149096,91.1800157697025,103,53,0.25363346263279696,0.1693373754193453,4336.479316002722,7523.999999999999,1106.5875597491363,12967.066875751858,0.16501438917292666,4.053132034155276,92.68378198266149,56.111878309707016,90.51554232466054,73,56,0.21858771630134174,0.1650143891728726,,,,,,,,,,,,,
48,5370.52019796445,7925.0,867.162078466757,14162.682276431207,0.16933737541947966,4.146828678184722,94.8010265862056,58.82076504554053,92.11576648722279,94,39,0.28048550628005636,0.1693373754193454,3850.0760395427646,7463.0,1106.342761156147,12419.418800698912,0.16501438917292663,4.078002899296281,92.02854866473398,56.04566909703416,90.1035106449629,97,56,0.19329617597545803,0.16501438917287223,,,,,,,,,,,,,
49,7120.7493232811385,7892.0,869.0236676281803,15881.77299090932,0.16933737541948007,4.116159120798782,95.75112970162947,58.97908892643828,92.19075503998872,94,69,0.3129140699022208,0.1693373754193464,4612.476377064357,7420.0,1109.6720220208022,13142.14839908516,0.16501438917292668,4.083977174068931,92.9798639358974,56.228704707206504,90.6736257473643,84,57,0.21730492046834093,0.16501438917287145,,,,,,,,,,,,,
50,7664.591716905187,7713.0,863.7397630386857,16241.331479943872,0.16933737541947888,4.148955312952856,95.79291476875036,58.907927180868484,91.96061891029788,87,53,0.28044307964659615,0.1693373754193452,6525.369524949555,7548.0,1119.953562926355,15193.32308787591,0.1650143891729268,4.122750779422089,95.49335994735196,56.36340225744577,92.23065555941578,116,56,0.28308936692680026,0.1650143891728718,,,,,,,,,,,,,
51,7828.64029269018,7833.0,864.9620185487113,16526.60231123889,0.16933737541947916,4.123512436530091,96.09539906073393,58.03161653630309,92.18107891438903,97,61,0.2811818887965895,0.1693373754193464,3423.778891019851,7361.0,1105.6083653771789,11890.387256397029,0.16501438917292663,4.08118103973771,91.71610155425928,55.32528610053598,90.00421210874978,86,52,0.18990451644997314,0.16501438917287367,,,,,,,,,,,,,
52,5581.023416427455,7987.0,871.5433943719252,14439.56681079938,0.16933737541948063,4.124580119515448,94.69736502499622,60.25329698086976,91.90685331678227,79,54,0.25612437811309496,0.16933737541934485,5500.183534386223,7673.0,1123.1604244945156,14296.343958880738,0.16501438917292682,4.156153237579087,94.82931310926726,58.11570288738713,92.079221342074,97,53,0.27007467333264024,0.1650143891728736,,,,,,,,,,,,,
53,5886.253909750256,7941.0,860.2610358178442,14687.5149455681,0.1693373754194781,4.1255032596736285,94.35396908838082,58.54968491825742,91.41084213350612,92,53,0.27605762431407616,0.1693373754193442,13187.606466835137,7678.0,1121.3244350470954,21986.930901882235,0.1650143891729268,4.266304186327046,98.5883679547832,56.716514397558925,91.99456472136627,96,49,0.3159527530750147,0.16501438917287317,,,,,,,,,,,,,
54,6217.629554655959,7683.0,860.5618987126196,14761.19145336858,0.1693373754194782,4.101121298544143,94.44900814208957,57.74229706818128,91.34019336476149,75,55,0.24865214410538014,0.16933737541934485,5429.332014487052,7531.999999999999,1120.4186802530348,14081.750694740085,0.1650143891729268,4.096094303834086,94.6216491090337,56.05972767613993,91.90683838591428,103,42,0.27001345829850537,0.16501438917287153,,,,,,,,,,,,,
55,7056.267572601637,7848.999999999999,867.0680588121396,15772.335631413776,0.16933737541947963,4.131119225291006,95.59179387030437,59.30760916211835,92.06362045078214,116,68,0.3046964351215149,0.16933737541934565,5635.931006550005,7566.0,1114.641433458486,14316.572440008491,0.16501438917292674,4.061885654748136,93.54098979060926,56.89953908995042,90.72302428733462,74,57,0.22447677067752772,0.1650143891728736,,,,,,,,,,,,,
56,8923.852663479782,7828.0,859.5464864427523,17611.399149922534,0.16933737541947794,4.135970520301153,96.71498352694981,58.0806090032602,92.25305719521062,97,52,0.3271713828537066,0.1693373754193479,3226.9873027340436,7168.000000000001,1102.2056649346268,11497.19296766867,0.1650143891729266,4.1013030222613756,91.57684014185696,54.45011065586958,89.96334649048947,87,44,0.19294957962171544,0.16501438917287367,,,,,,,,,,,,,
57,4609.803986115137,7803.0,859.6405060973697,13272.44449221251,0.16933737541947796,4.135261892781949,93.71417734340197,58.052098835479796,91.4092051172257,120,65,0.24552813052098635,0.16933737541934657,8415.794535627876,7653.0,1123.8703404141847,17192.66487604206,0.16501438917292682,4.112433651785637,96.41846412698699,58.5843875119468,92.21056685917306,88,57,0.33110107979491055,0.16501438917287117,,,,,,,,,,,,,
58,6878.161936430588,7677.0,858.1737994853391,15413.335735915927,0.16933737541947763,4.126004443269059,95.09250030338222,57.09502165291143,91.65341933516608,98,46,0.27286785765384375,0.16933737541934574,4786.493274410392,7647.0,1119.3170865845827,13552.810360994974,0.16501438917292677,4.095167387761082,93.3862583727249,56.5395365219499,90.9929766711331,106,58,0.246418636926035,0.165014389172873,,,,,,,,,,,,,
59,5230.227277561548,7689.0,858.4746623801146,13777.701939941664,0.16933737541947771,4.066396051014353,93.93721462200745,57.626230751663996,91.32210098322665,89,65,0.23831356006538545,0.1693373754193473,6746.377511398203,7436.0,1119.9046032077572,15302.282114605958,0.1650143891729268,4.124131828656859,95.52688449719068,55.93036119770039,92.15369574149194,83,56,0.3083326727899255,0.16501438917287312,,,,,,,,,,,,,
60,3195.6240090307497,7659.0,848.2641278886714,11702.88813691942,0.16933737541947536,4.075362996031836,91.65036925994829,57.42271750825425,90.05255725543256,77,54,0.19462648408084204,0.1693373754193462,8615.566715243554,7470.999999999999,1117.2118186848743,17203.778533928427,0.16501438917292677,4.150655313448412,95.92676251210193,55.46718978896593,91.61897915447955,85,43,0.262431377518875,0.1650143891728753,,,,,,,,,,,,,
61,5051.8578983956995,7677.0,858.9071527913544,13587.765051187054,0.1693373754194778,4.098988068924924,93.63314331338337,58.38440534689266,91.10721436418595,84,51,0.25175898794111823,0.16933737541934543,4979.036267984566,7431.999999999999,1106.4406805933427,13517.476948577909,0.16501438917292666,4.1347545469510125,93.32927937386238,56.44589922320657,90.83976123987046,98,49,0.2404405795849435,0.16501438917287561,,,,,,,,,,,,,
62,5277.698634686818,7870.999999999999,861.7277424298746,14010.426377116693,0.16933737541947844,4.107328558977166,94.03795661861034,59.09806908221131,91.39910730126695,77,56,0.23555884410961092,0.1693373754193461,4972.8491227237655,7369.0,1106.2203618596523,13448.069484583417,0.16501438917292663,4.08292267811701,92.90625925001395,56.218442300302605,90.41970422480091,141,60,0.23850766275245291,0.1650143891728717,,,,,,,,,,,,,
63,6203.276483749815,7922.0,869.3057265920323,14994.582210341847,0.16933737541948013,4.11350308117696,94.84986296777737,60.539183795651795,91.74718854160193,122,62,0.2747290120711723,0.1693373754193454,4954.1102271569625,7530.0,1110.137139347482,13594.247366504445,0.16501438917292668,4.157413069486483,93.30129164302357,56.404158852323704,90.82423652944571,93,53,0.22176787825994096,0.1650143891728733,,,,,,,,,,,,,
64,5200.855898423768,7833.0,864.6235477920887,13898.479446215857,0.1693373754194791,4.142094094492535,93.95853988864391,58.80290876479809,91.35811193943218,89,56,0.24744996264182928,0.16933737541934987,3169.5575703538143,7366.0,1101.4467892963598,11637.004359650175,0.1650143891729266,4.059775786903668,91.43638417238074,54.47066962454158,89.85160538720388,97,53,0.1730835785898737,0.1650143891728739,,,,,,,,,,,,,
65,4996.4229206342225,7675.0,856.4626417713037,13527.885562405527,0.16933737541947724,4.108632147536048,93.74436420968125,58.52651742450451,91.24615274936453,89,70,0.2520133998197091,0.169337375419346,5086.8295456489595,7373.999999999999,1100.7123935173918,13561.541939166353,0.16501438917292657,4.091991014391344,92.28440255834107,54.274209425995124,89.740987785517,92,50,0.19852937222737205,0.16501438917287134,,,,,,,,,,,,,
66,4347.533854219341,7814.0,860.9943891238594,13022.528243343202,0.16933737541947827,4.124730367771868,93.0731487140233,57.777104189617255,90.89935023200472,112,57,0.21851625781674264,0.16933737541934454,5772.130031940331,7606.0,1120.712438564622,14498.842470504955,0.1650143891729268,4.151884199516216,94.68761573329678,55.470842273567975,91.8015507173264,94,59,0.27658785264353186,0.16501438917287506,,,,,,,,,,,,,
67,5230.618417208878,7804.000000000001,859.9977807849156,13894.616197993793,0.16933737541947805,4.119725345081813,93.69112130727785,57.26256192638417,91.07581209867348,93,65,0.24588940686379115,0.16933737541934832,5557.609243708106,7473.0,1110.0636997695851,14140.67294347769,0.16501438917292668,4.087171356539383,93.27326841183763,56.03439448622374,90.49446378998333,91,59,0.2295029608898077,0.16501438917287406,,,,,,,,,,,,,
68,5707.604637415939,7541.0,854.3377975769516,14102.942434992889,0.16933737541947677,4.098598662796503,93.51888141798253,56.099429621983546,90.6650790992735,83,49,0.24304831030439733,0.16933737541934876,4726.604675391246,7556.0,1112.756484292468,13395.361159683713,0.1650143891729267,4.1087824363043595,93.37816249684,55.420916999307735,91.01486015914462,77,49,0.2504357078487583,0.16501438917287078,,,,,,,,,,,,,
69,4408.308050204657,7716.0,853.153149928773,12977.46120013343,0.1693373754194765,4.161883307507879,93.53524138846748,58.07425284386043,91.33108736336575,99,73,0.2381699616677192,0.16933737541934707,3897.2169854411077,7502.0,1109.1089852569266,12508.325970698035,0.16501438917292668,4.091669249144261,92.17012910963551,57.33963378098478,90.22143978091115,132,47,0.2048089775290473,0.16501438917287242,,,,,,,,,,,,,
70,7114.434496947675,7728.0,864.7363713776296,15707.170868325305,0.1693373754194791,4.1693020569839545,95.76873825439996,57.838498692266214,92.21152100592671,89,66,0.30828695000931816,0.16933737541934443,3585.1253445155153,7463.0,1103.5275773367694,12151.652921852285,0.1650143891729266,4.120608793431285,92.05086203937618,55.74049791765003,90.25829936711824,89,65,0.20821518919776505,0.1650143891728715,,,,,,,,,,,,,
71,8957.674651196308,7925.0,866.7295880555171,17749.404239251824,0.16933737541947955,4.165819953014914,96.74855986489933,60.181586087830915,92.26972253930177,91,60,0.3375089471666856,0.16933737541934832,3957.3360475010604,7445.999999999999,1117.358697840668,12520.694745341727,0.16501438917292677,4.10614702262501,93.71027222173153,55.04536647517687,91.7314591421769,104,53,0.23896703187856963,0.16501438917287278,,,,,,,,,,,,,
72,5673.656329553996,7797.0,862.385880012196,14333.042209566192,0.16933737541947858,4.118169382524403,93.97790367908846,58.480636026698654,91.1410755143108,90,45,0.24319192000484738,0.16933737541934787,4821.505478083465,7493.000000000001,1104.7515703017161,13419.257048385183,0.16501438917292663,4.100947118404499,93.14650334923658,55.068262098425194,90.7354013529938,125,57,0.22982100510915413,0.16501438917287195,,,,,,,,,,,,,
73,6803.799341802731,7770.0,862.6115271832778,15436.41086898601,0.16933737541947863,4.201097622398968,95.84890378755061,58.62728723657501,92.44700411664923,85,61,0.306433295322439,0.1693373754193462,3837.9258186097177,7498.999999999999,1111.3611323124287,12448.286950922145,0.16501438917292668,4.099639893129384,92.15343920696844,55.7430084854075,90.23447629766288,99,49,0.20135364659726335,0.16501438917287475,,,,,,,,,,,,,
74,4707.102252980609,7823.999999999999,859.2080156861298,13390.310268666739,0.16933737541947788,4.127884772609754,93.80785488699026,57.73187906782338,91.45430376049944,81,55,0.24727878022675645,0.16933737541934468,3166.625116618426,7438.0,1108.3256297593607,11712.950746377788,0.16501438917292666,4.047473529918846,91.60016953333844,55.3234757735935,90.01685697502944,94,50,0.17464738936365165,0.1650143891728725,,,,,,,,,,,,,
75,5239.3969061743155,7930.0,864.3226848973133,14033.719591071631,0.16933737541947902,4.098463680651023,93.8799564940852,60.87162688717858,91.26025804099848,86,53,0.238184963552568,0.16933737541934374,4928.135012672064,7543.000000000001,1113.4664002121372,13584.601412884203,0.1650143891729267,4.09493490061755,93.59101171486382,56.485872736212215,91.12682853345126,108,50,0.23537137389943608,0.16501438917287195,,,,,,,,,,,,,
76,6226.626416441108,7761.0,864.2474691736194,14851.873885614725,0.169337375419479,4.114325882312157,94.82145486453351,58.17903355740752,91.70814165631234,78,51,0.25083327616762985,0.16933737541934757,3553.453422397014,7390.000000000001,1117.1138992476785,12060.567321644694,0.16501438917292677,4.0522858546547775,92.70210382423139,54.96527932126738,90.92537711303275,67,61,0.21334653916658636,0.16501438917287725,,,,,,,,,,,,,
77,3823.538110605449,7652.0,851.5172079384314,12327.05531854388,0.1693373754194761,4.156077340438165,92.73647557149401,59.29754375965439,90.82470651619138,96,70,0.21412229728341572,0.16933737541934765,6251.324963856002,7691.0,1123.013545338722,15065.338509194722,0.16501438917292682,4.110708163664417,94.76833210575913,57.422873294968056,91.64266962383108,100,57,0.25632132429845034,0.1650143891728739,,,,,,,,,,,,,
78,7605.142980349281,7738.0,866.2782937133538,16209.421274062635,0.16933737541947946,4.174741352096194,96.1616564450368,58.81779130557092,92.35908495486206,81,59,0.29089759149763383,0.16933737541934868,5211.726764787909,7558.0,1113.931517538817,13883.658282326727,0.1650143891729267,4.123632346674692,94.10498058607874,55.60549130535974,91.49911720368449,95,51,0.2689578314023976,0.16501438917287448,,,,,,,,,,,,,
79,7279.756011786638,7615.000000000001,857.1583872154719,15751.91439900211,0.1693373754194774,4.111993062617417,95.37674067485554,56.5981429125687,91.73647992999693,119,58,0.2835974211175438,0.16933737541934366,7096.4116323891285,7598.999999999999,1129.3293490378474,15824.740981426976,0.16501438917292688,4.130881053525695,96.08706508038887,56.68563914080216,92.53885926419413,70,53,0.3037544401755939,0.1650143891728721,,,,,,,,,,,,,
80,7701.3539582285175,7715.000000000001,859.9413689921452,16276.295327220663,0.16933737541947805,4.142118025279384,95.37598752289577,57.848065690803196,91.52531054378201,91,66,0.2647428821570737,0.169337375419346,3354.3557803004737,7420.999999999999,1107.8849922919799,11883.240772592453,0.16501438917292666,4.065112066040719,91.7641977716104,56.38625491659679,90.08700737814823,101,52,0.18819648701171593,0.16501438917287198,,,,,,,,,,,,,
81,6732.961286003892,7818.000000000001,860.5807026435431,15411.541988647434,0.1693373754194782,4.141029897085426,95.2141655415895,58.69514568269837,91.84768489858767,90,51,0.2866047604584975,0.16933737541934668,4505.88230410876,7401.000000000001,1106.685479186332,13013.56778329509,0.16501438917292666,4.103827088003651,92.69266132353619,56.028068252525074,90.4397201714817,92,57,0.2269610902590165,0.16501438917287378,,,,,,,,,,,,,
82,5635.318762156661,8037.0,870.2647270691292,14542.583489225792,0.16933737541948035,4.111462437943599,95.48562610175323,61.01524151308884,92.66796672067576,99,61,0.2896332072791176,0.16933737541934513,5323.510969111076,7483.0,1114.3721550061978,13920.883124117274,0.16501438917292674,4.119026289327048,93.66988630776966,56.20007050873208,91.00812598646984,104,61,0.2371221147473299,0.16501438917286976,,,,,,,,,,,,,
83,7489.112011768735,7727.0,858.9071527913544,16075.01916456009,0.1693373754194778,4.185263067809169,94.8266692219788,57.840034173305014,91.08211050871256,117,49,0.28409990560300036,0.16933737541934654,3317.6378610770425,7469.0,1107.468834683898,11894.10669576094,0.16501438917292666,4.061622493174765,92.12510740193004,56.37727418874894,90.46628847139147,89,65,0.20988544112652677,0.16501438917287195,,,,,,,,,,,,,
84,5414.112591469789,7550.0,860.3174476106145,13824.430039080402,0.16933737541947813,4.110837719188984,93.64409501145971,57.29153797019963,90.93703871572436,83,58,0.25023260760204663,0.16933737541934907,7788.43301906514,7722.0,1122.7932266050316,16633.226245670172,0.16501438917292682,4.171698323905278,96.289518963603,58.6659718606747,92.39530245407055,81,71,0.3141733213022764,0.16501438917287342,,,,,,,,,,,,,
85,3613.652771719458,7840.000000000001,861.821762084492,12315.47453380395,0.16933737541947846,4.087632414143651,93.12746803165679,57.93057275427519,91.32064164579688,94,57,0.22213521973366335,0.16933737541934726,7345.7543155793655,7768.000000000001,1123.2828237910103,16237.037139370375,0.16501438917292682,4.141219994723998,95.2512661183099,57.2243577154222,91.57828298018092,109,52,0.287219254057792,0.1650143891728726,,,,,,,,,,,,,
86,5985.734595114067,7837.0,865.9774308185785,14688.712025932646,0.16933737541947938,4.125951812718912,95.18204553224318,58.49875506594869,92.18917823468614,98,47,0.30154598033732655,0.16933737541934427,5768.885751699521,7362.0,1115.840946564134,14246.726698263654,0.16501438917292674,4.138542206912109,94.4072070404979,55.597807305013816,91.52276416464836,69,66,0.27361420387709734,0.16501438917287214,,,,,,,,,,,,,
87,6307.707324711893,7723.999999999999,864.8303910322468,14896.53771574414,0.16933737541947913,4.141218485876603,94.73996119252375,57.29776229533458,91.58610753016825,98,52,0.27696094960147516,0.1693373754193456,3946.4286444412637,7622.0,1115.2289500816605,12683.657594522925,0.16501438917292674,4.1224862457651845,93.01081452126573,57.413706453095244,91.03760019904438,95,52,0.2108115855047556,0.16501438917287248,,,,,,,,,,,,,
88,5022.63194915637,7517.0,859.0199763768952,13398.651925533266,0.16933737541947783,4.091385089945455,93.08884607908361,55.897209490777456,90.57753010450561,88,61,0.22889977734350123,0.1693373754193455,3721.9889871256464,7509.0,1111.1652934380372,12342.154280563682,0.16501438917292668,4.054204196139808,92.45480541723124,56.95240592474856,90.59379946969521,102,60,0.20622639378969176,0.16501438917287378,,,,,,,,,,,,,
89,5672.090408924896,7873.0,864.1722534499255,14409.262662374824,0.169337375419479,4.1330633959744,94.42194862296547,60.49917518210869,91.58590341850316,91,56,0.2362979810749266,0.169337375419346,5998.512049487703,7694.0,1118.6316505242125,14811.143700011913,0.16501438917292677,4.120681385834821,94.96598425898925,57.548718980161965,91.96662417578453,110,59,0.2789969500610143,0.16501438917287375,,,,,,,,,,,,,
90,6687.874259095101,7712.0,855.5600530869772,15255.434312182078,0.16933737541947705,4.144493031897484,94.61144938970223,57.946708492769595,91.26751226015493,80,56,0.2599424211380033,0.16933737541934465,4259.063622949847,7509.0,1111.5080114682223,12879.571634418071,0.16501438917292668,4.122423768898517,92.82553478793565,56.63748352514602,90.69600297646019,78,53,0.2117860135000052,0.16501438917287412,,,,,,,,,,,,,
91,3823.8893093779966,7875.0,859.9225650612217,12558.81187443922,0.16933737541947802,4.098456828411787,92.71534349357084,59.80510070908215,90.80339883888227,89,61,0.22780857626225065,0.16933737541934735,5389.185193301395,7428.0,1107.1261166537129,13924.31130995511,0.16501438917292666,4.12765566426611,93.42626912363724,55.8640140648845,90.7316765269865,74,53,0.2407256937190127,0.16501438917287276,,,,,,,,,,,,,
92,7231.0663074864915,8000.0,871.9758847831649,16103.042192269657,0.1693373754194807,4.095991073463555,96.01388364893354,59.648531365294566,92.39835049519026,90,55,0.3087654750530903,0.16933737541934574,4561.7828749705495,7584.0,1110.1616192067809,13255.94449417733,0.16501438917292668,4.123032604485614,92.94631520017957,57.775223453654476,90.66542376269433,97,54,0.21844911074041037,0.1650143891728699,,,,,,,,,,,,,
93,6893.878405627793,7490.000000000001,849.2795401585387,15233.157945786332,0.16933737541947558,4.131218848758408,93.27123320649828,55.49617407953985,89.82429400368444,82,59,0.2298912530739218,0.16933737541934527,4296.562867464774,7558.0,1121.7405926551774,12976.30346011995,0.1650143891729268,4.113948011627585,93.63486542356574,56.943489548157736,91.48658398983338,84,50,0.24184817259053026,0.16501438917287398,,,,,,,,,,,,,
94,5640.536813897131,7688.0,861.1636245021707,14189.700438399303,0.1693373754194783,4.126789164662817,94.41740558845382,58.40037008081165,91.59713718150597,98,58,0.27428732145477625,0.16933737541934749,3644.0819412213264,7664.0,1112.0955280913968,12420.177469312723,0.1650143891729267,4.061828404124651,92.03994840829124,56.81635090779956,90.21784549153065,111,53,0.18318188683683262,0.16501438917287053,,,,,,,,,,,,,
95,8533.586437629949,7753.0,857.2900147319361,17143.876452361885,0.16933737541947744,4.139042636628682,95.68777787764355,59.4289466785157,91.42098465882984,96,52,0.28290813511782287,0.16933737541934524,5770.43325392289,7402.0,1116.183664594319,14288.616918517206,0.16501438917292674,4.147699375218022,93.99922814049118,56.094396939227956,91.11401151353027,91,50,0.23194350544489972,0.16501438917287253,,,,,,,,,,,,,
96,4039.2883680489062,7584.999999999999,860.1858200941501,12484.474188143056,0.1693373754194781,4.094494638992401,93.24120431416716,57.46304213643083,91.22156013014256,98,63,0.2215924309014154,0.1693373754193472,5480.609628178259,7465.000000000001,1115.424788956052,14061.034417134311,0.16501438917292674,4.138900531533173,94.10388486413524,56.265110034313146,91.36358005004615,73,64,0.2358148791628012,0.1650143891728736,,,,,,,,,,,,,
97,7717.79815517519,7694.0,856.2181906692985,16268.01634584449,0.1693373754194772,4.138372835469984,94.94877493670856,57.610226633395925,91.0898668247465,101,66,0.2788630935671019,0.16933737541934585,3951.404310106529,7565.000000000001,1104.0906141006449,12620.494924207174,0.16501438917292663,4.07986723958789,92.05819272212273,56.619609905288584,90.0824905670696,91,49,0.2069981312010377,0.16501438917287484,,,,,,,,,,,,,
98,4373.404116262637,7659.999999999999,855.2403862612781,12888.644502523914,0.16933737541947697,4.07944741278508,92.87887925921483,57.461504477430616,90.69217720108307,81,52,0.2335437924144068,0.1693373754193453,7994.9292797475155,7569.0,1113.3929606342404,16677.322240381753,0.1650143891729267,4.1260402001131675,95.33164417031244,56.62269640642672,91.33417953043912,99,33,0.25352110324938465,0.1650143891728734,,,,,,,,,,,,,
99,5947.995043703646,7804.000000000001,861.4080756041757,14613.40311930782,0.16933737541947835,4.111723012404587,94.80651435660158,58.01275444595031,91.83251683474937,92,61,0.2561768988025407,0.16933737541934435,6215.163637346644,7556.0,1120.1494018007465,14891.313039147388,0.1650143891729268,4.096883916722249,94.14722271913644,56.689931523221325,91.03962356627963,103,50,0.23730587713316026,0.16501438917287445,,,,,,,,,,,,,
100,4854.695215062661,7704.000000000001,857.8353287287166,13416.53054379138,0.16933737541947755,4.140857441209634,93.00049151633046,56.98515374909147,90.57314390879922,86,58,0.24692349692470736,0.16933737541934615,5200.8743749697205,7713.0,1133.0502876512855,14046.924662621006,0.16501438917292693,4.101203874853591,94.59131384392369,58.099681434795194,91.99087665643962,87,59,0.26208581961999017,0.16501438917287387,,,,,,,,,,,,,
101,4201.787387853837,7634.0,855.1463666066608,12690.933754460499,0.16933737541947694,4.105979830064636,93.23287689177907,57.86218279378767,91.13198319785208,99,59,0.23330178911105398,0.16933737541934607,4891.44933518676,7418.000000000001,1109.5251428650085,13418.974478051769,0.16501438917292668,4.09028975328809,93.29664351617022,55.16756936372935,90.85091884857711,76,50,0.24443335598677207,0.16501438917287295,,,,,,,,,,,,,
102,5601.638962800407,7673.999999999999,860.5618987126196,14136.200861513027,0.1693373754194782,4.138186654739401,94.32898847146586,56.96239516740219,91.52816899006609,83,53,0.25724896783890394,0.16933737541934796,4288.901868372911,7511.0,1108.1542707442682,12908.056139117178,0.16501438917292666,4.076298850663192,92.15468382048054,56.10683280227112,90.01023288629425,91,62,0.18396998174977,0.1650143891728746,,,,,,,,,,,,,
103,5968.996735960538,7698.999999999999,861.6149188443337,14529.611654804872,0.1693373754194784,4.116629689495112,95.50746745272676,58.876685457113076,92.52296908474673,93,56,0.29019327140609064,0.169337375419345,8848.315869668886,7573.999999999999,1124.3599376001634,17546.675807269046,0.16501438917292682,4.1525113455284215,96.22407336982945,57.95598383830608,91.79991543499528,90,65,0.2810790733595801,0.1650143891728734,,,,,,,,,,,,,
104,6007.126589167016,7764.0,859.9789768539921,14631.10556602101,0.16933737541947805,4.134275395894921,94.90368523730787,57.79847751703478,91.90012194272414,80,57,0.2906128559434013,0.1693373754193448,6296.559371924486,7428.0,1113.539839790034,14838.099211714518,0.1650143891729267,4.0773782015374485,93.33408680364072,55.938654734839574,90.18580711767859,100,54,0.19779563918415569,0.16501438917287206,,,,,,,,,,,,,
105,3256.459295855551,7588.0,851.5172079384314,11695.976503793983,0.1693373754194761,4.120575283944852,91.5023069803301,56.296999614081436,89.87405082828525,102,46,0.18662359369631146,0.16933737541934646,6354.794499851609,7555.0,1122.279149559754,15032.073649411363,0.16501438917292682,4.12411672659602,95.34280239904865,55.85126880070443,92.16540514912113,98,62,0.2999307004809025,0.16501438917287337,,,,,,,,,,,,,
106,7449.79053863736,7748.999999999999,859.132799962436,16057.923338599796,0.16933737541947785,4.171875784609186,95.72095622906906,58.09889830240738,91.99602408926397,104,54,0.30963972557807473,0.16933737541934826,5915.161713953421,7562.0,1113.539839790034,14590.701553743454,0.1650143891729267,4.165748794232848,94.13940281440098,57.86869276083466,91.18182195742395,98,43,0.24891175240229713,0.16501438917287178,,,,,,,,,,,,,
107,6145.277518760198,7786.0,862.9688018708234,14794.24632063102,0.16933737541947871,4.164190195466454,95.03795215626545,58.225710452590675,91.96529671452876,106,56,0.26937918279236694,0.1693373754193471,5194.981386026917,7569.0,1118.827489398604,13882.808875425519,0.16501438917292677,4.098729218115565,94.09120650852236,56.50430475985323,91.49371581550854,96,46,0.25895241230302884,0.165014389172873,,,,,,,,,,,,,
108,6415.176934604157,7697.0,856.9891518371608,14969.166086441319,0.16933737541947735,4.121216977454887,94.53368851460542,57.77809351838344,91.32607070132757,117,60,0.2838280754161526,0.1693373754193472,5429.9186542557445,7503.0,1112.5606454180765,14045.479299673822,0.1650143891729267,4.100465743111843,93.38150040449402,55.86483917118299,90.66654107736576,97,69,0.21604506175311816,0.1650143891728714,,,,,,,,,,,,,
109,4203.045076781016,7734.0,856.8387203897728,12793.883797170789,0.16933737541947733,4.113311732194277,92.34871042606433,58.08222003580522,90.24718788767287,90,54,0.2160062172715725,0.1693373754193471,9493.741593177148,7500.0,1117.5300568557604,18111.271650032908,0.16501438917292677,4.178110667863922,96.97588177336996,56.209115089531494,92.22901097678067,97,67,0.29269929702596015,0.16501438917287437,,,,,,,,,,,,,
110,4967.799405311562,7597.0,853.7736796492476,13418.57308496081,0.16933737541947663,4.101567188866066,93.36642344655979,56.14969887551511,90.8823972422972,116,50,0.22266488023893735,0.1693373754193481,4049.6918735095874,7445.999999999999,1115.7185472676392,12611.410420777227,0.16501438917292674,4.07799635172987,93.62645754864424,55.2308338613731,91.60161161188964,91,54,0.25040412200730655,0.16501438917287264,,,,,,,,,,,,,
111,7355.392516115666,7827.0,861.144820571247,16043.537336686913,0.1693373754194783,4.109753611293114,95.62813208028335,58.86252444506247,91.95043582222512,100,59,0.2758078589374793,0.16933737541934674,6045.972906481406,7550.0,1117.9462144638424,14713.919120945246,0.16501438917292677,4.103063300248834,94.58072898038456,56.062715213152934,91.55774252714414,73,51,0.2841389684806775,0.16501438917287545,,,,,,,,,,,,,
112,7074.861056317202,7728.0,857.0643675608545,15659.92542387806,0.16933737541947738,4.182094035579015,94.82285468914584,57.055709391241436,91.28542416098743,99,53,0.26873100813523015,0.16933737541934843,3462.476603404745,7537.0,1106.342761156147,12105.819364560894,0.16501438917292663,4.074826357148342,91.61507547946671,55.44844075229099,89.88383717776473,79,66,0.17716154827745037,0.16501438917287206,,,,,,,,,,,,,
113,3769.202545751132,7648.999999999999,852.2881691062937,12270.490714857426,0.1693373754194763,4.125057495431965,92.0386272221631,56.8452015539232,90.15402594928723,97,56,0.20346771017182927,0.16933737541934538,4543.0339231856,7475.0,1107.5667541210937,13125.600677306693,0.16501438917292666,4.1184164723459595,92.73631716108024,57.36373455000797,90.46480019948756,90,51,0.2270214096429172,0.16501438917287203,,,,,,,,,,,,,
114,8818.88549081652,7744.0,857.4592501102475,17420.34474092677,0.16933737541947746,4.192731705510893,96.21714617088183,58.32060974591439,91.8077034254733,98,61,0.2916966774982177,0.169337375419346,3823.742830833689,7526.000000000001,1113.882557820219,12463.625388653909,0.1650143891729267,4.121595445850112,93.27341380025891,55.647971433966056,91.36154238484187,86,37,0.21752686499187224,0.1650143891728754,,,,,,,,,,,,,
115,5999.051294073352,7848.0,865.5073325454917,14712.558626618846,0.1693373754194793,4.112261581729129,94.77337334422101,59.006664240908634,91.7738445137639,105,55,0.2554232863404462,0.16933737541934674,3453.7288512503324,7433.0,1106.709959045631,11993.438810295964,0.16501438917292666,4.053731939129143,91.73304369721036,55.826866489177476,90.00617927158561,78,47,0.1866076979483238,0.1650143891728743,,,,,,,,,,,,,
116,4884.840092020579,7759.0,856.5378574949975,13500.377949515576,0.16933737541947727,4.111737324955694,93.61984631274709,58.772731688148816,91.1774262667366,98,64,0.2408735323549131,0.16933737541934543,4548.385897633976,7498.0,1115.840946564134,13162.22684419811,0.16501438917292674,4.126550625467429,93.84496198949896,54.935162172691335,91.57076904068259,98,48,0.24425928373868253,0.16501438917287353,,,,,,,,,,,,,
117,11228.152678860211,7770.999999999999,860.1858200941501,19859.338498954363,0.1693373754194781,4.202476123615534,97.55701559826137,57.81074580695997,91.94293925883079,97,61,0.3193683554152566,0.16933737541934824,10747.183437308315,7476.000000000001,1123.013545338722,19346.196982647038,0.16501438917292682,4.204425649805651,97.86444633365225,56.80942006507414,92.49085461499733,83,61,0.3315473447733226,0.1650143891728762,,,,,,,,,,,,,
118,3435.355809232187,7536.0,852.8898948958446,11824.245704128032,0.16933737541947644,4.068420055906768,91.8549879847264,56.09243228564074,90.13731008011088,84,62,0.1831468658516409,0.16933737541934615,4837.057488259436,7513.0,1114.5924737398882,13464.649961999323,0.16501438917292674,4.102127501369916,93.30726475845168,56.16876759617179,90.88873601432263,99,53,0.23934731789805463,0.16501438917287328,,,,,,,,,,,,,
119,6359.603877307578,7827.0,861.3892716732522,15047.993148980831,0.16933737541947835,4.121309768827115,94.9822562094328,59.278738531584985,91.80245427077864,84,53,0.262533903631666,0.16933737541934718,5642.239755311119,7659.999999999999,1115.6940674083403,14417.933822719458,0.16501438917292674,4.128746269820481,93.94369177804656,57.63176495001232,91.12257190039104,86,59,0.25660962508853846,0.16501438917287112,,,,,,,,,,,,,
120,5624.229403966471,7659.999999999999,856.6130732186913,14140.842477185162,0.16933737541947727,4.159583880601484,93.8599409919767,55.99906842719775,91.04780375092204,110,63,0.2500463557249146,0.16933737541934804,4661.716804356969,7404.000000000001,1108.57042835235,13174.287232709317,0.16501438917292666,4.091629151838888,93.10177071909646,55.55988693580589,90.77091231691844,73,57,0.22646199432163439,0.16501438917287253,,,,,,,,,,,,,
121,12807.242241202568,7781.0,865.3380971671804,21453.580338369746,0.16933737541947924,4.2042753455020225,98.83931596994954,57.272609079226314,92.43569484934854,100,54,0.3573874971025066,0.16933737541934732,5583.745698241466,7367.0,1114.8127924735786,14065.558490715046,0.16501438917292674,4.155609829336835,94.40595936469595,56.18708265827272,91.61403654542742,110,63,0.2667778923766932,0.1650143891728733,,,,,,,,,,,,,
122,6813.541786525806,7673.999999999999,855.277994123125,15342.819780648932,0.16933737541947697,4.154524372453191,95.2272430151256,57.967059868109736,91.82047212186319,96,55,0.27248414259758874,0.16933737541934482,3066.4130900638847,7367.0,1110.137139347482,11543.550229411367,0.16501438917292668,4.170766602920599,91.9131366157015,56.484675701545264,90.37993007066896,98,46,0.19928249229326467,0.1650143891728702,,,,,,,,,,,,,
123,6517.937717532136,7705.0,854.2813857841812,15077.219103316318,0.16933737541947674,4.138142799996733,94.3617902876582,58.64105969746311,91.10282142889194,86,60,0.2576322422016696,0.16933737541934749,8191.559718318924,7584.0,1123.1359446352167,16898.695662954142,0.16501438917292682,4.1799746251172305,96.78291612176443,57.33272544414108,92.68713626260529,89,51,0.32613871241792586,0.16501438917287356,,,,,,,,,,,,,
124,5417.1596743687405,7728.0,857.0643675608545,14002.224041929598,0.16933737541947738,4.155872149721502,93.55923260564829,58.02390510301898,90.85061110518285,104,65,0.24844381241931182,0.16933737541934699,5018.980072839736,7345.0,1105.902123688766,13469.882196528499,0.16501438917292663,4.099689186804931,93.90414720214508,54.769976995169245,91.39455108054247,123,54,0.26084433950104075,0.16501438917287292,,,,,,,,,,,,,
125,4248.9241994495005,7802.0,856.9327400443904,12907.856939493891,0.16933737541947735,4.061138782209132,92.3199322067599,58.19180996857497,90.19547010703533,73,55,0.2200344458210337,0.1693373754193478,5606.434962264604,7470.0,1114.2007959911052,14190.635758255708,0.16501438917292674,4.112666366360648,94.08077548899286,56.830457009143174,91.27755800786134,78,66,0.23470535026620826,0.1650143891728749,,,,,,,,,,,,,
126,7880.8244015394575,7808.0,866.9552352265988,16555.77963676606,0.1693373754194796,4.170049559560293,96.46503470295704,58.543174202822826,92.52462250218701,92,54,0.30642664383200974,0.16933737541934527,3883.8735964864804,7420.0,1109.1334651162256,12413.007061602704,0.16501438917292668,4.063606928038302,92.22909749088765,56.79083934955976,90.28716069264372,80,45,0.2150846500171799,0.16501438917287065,,,,,,,,,,,,,
127,6267.333349408265,7598.0,855.4096216395893,14720.742971047855,0.169337375419477,4.130148878857477,93.88898897867712,57.313108617641284,90.75341793324637,159,63,0.24334832734652923,0.16933737541934604,4561.678957858867,7391.0,1106.5875597491363,13059.266517608003,0.16501438917292666,4.142748120378784,93.04509910983509,56.11896145757065,90.76425963090588,86,60,0.23938967924311272,0.1650143891728717,,,,,,,,,,,,,
128,6019.453132571654,7767.0,867.2937059832213,14653.746838554878,0.16933737541947969,4.103916351706609,94.683790348567,58.2790912565899,91.67406378228085,92,64,0.2839710223787043,0.16933737541934749,4795.624954859556,7448.0,1115.4982285339488,13359.123183393503,0.16501438917292674,4.074511375008074,93.21438358448903,56.40802496557564,90.81656782565835,101,73,0.2258233043626003,0.1650143891728724,,,,,,,,,,,,,
129,5807.85883221519,7667.0,854.4506211624924,14329.30945337768,0.16933737541947677,4.146068376263969,94.01590450024828,57.81743409545784,91.11194927230854,113,61,0.2520504006366367,0.16933737541934793,5520.554071222894,7570.999999999999,1106.9792374979193,14198.533308720813,0.16501438917292666,4.162650822970824,93.80302622271394,56.90419681837328,91.04274918710237,95,62,0.24991861257277992,0.1650143891728715,,,,,,,,,,,,,
130,4690.484619394407,7761.0,863.9466062788438,13315.431225673252,0.16933737541947894,4.109512543680017,94.43887258317413,58.621772324466946,92.09363027347605,82,58,0.2726724683516196,0.1693373754193456,3295.4420218309524,7331.999999999999,1108.619388070948,11736.0614099019,0.16501438917292666,4.080140774414598,91.2694304925509,54.27284303568336,89.62170948163525,96,50,0.18513983667081813,0.16501438917287214,,,,,,,,,,,,,
131,4656.922851513329,7779.000000000001,858.3994466564209,13294.322298169749,0.1693373754194777,4.204813819709267,94.24420834350124,56.7864086937955,91.91574691774483,90,47,0.2579461225756022,0.16933737541934735,4494.371132410646,7466.0,1104.6536508645204,13065.024783275167,0.16501438917292663,4.153551426316571,92.69652917396358,56.32494197240431,90.44934360775777,94,59,0.2029598329873561,0.16501438917287198,,,,,,,,,,,,,
132,6870.437736458434,7748.0,862.3670760812726,15480.804812539707,0.16933737541947858,4.146588794892844,95.58050704519171,57.458580498886,92.14528817696247,90,45,0.2776310345826189,0.16933737541934388,5241.410368704444,7426.000000000001,1115.816466704835,13783.226835409281,0.16501438917292674,4.0747709249385125,93.44864579335089,56.062375686278045,90.82791772673538,113,54,0.22970815048512544,0.16501438917287425,,,,,,,,,,,,,
133,5916.034080778741,7806.0,861.0696048475531,14583.103685626293,0.1693373754194783,4.104086516564768,94.40960497004681,58.39649606001336,91.45158792965786,90,60,0.27189742949392043,0.16933737541934712,5852.838425749889,7576.000000000001,1116.4039833280094,14545.242409077897,0.16501438917292674,4.111717672368841,93.96260341813954,56.508382924035715,91.03618420526487,79,50,0.24814763750165444,0.1650143891728726,,,,,,,,,,,,,
134,4834.193228944775,7584.999999999999,857.7037012122524,13276.896930157029,0.16933737541947752,4.138323468717937,94.00365759546803,56.54235849445778,91.58656098099532,97,49,0.2502948790173782,0.1693373754193453,6592.5758553006235,7470.0,1114.6169535991871,15177.19280889981,0.16501438917292674,4.129550524137805,94.3192650459852,55.4677432659273,91.02297711833538,92,53,0.27245936176297336,0.16501438917287362,,,,,,,,,,,,,
135,5212.461143660185,7709.0,853.9053071657119,13775.366450825897,0.16933737541947666,4.187490181165635,93.92512849649496,58.47415987293074,91.31889792466478,86,58,0.251850244332987,0.1693373754193467,4475.4561805077265,7493.000000000001,1113.3929606342404,13081.849141141967,0.1650143891729267,4.086545299921847,93.54376088060474,57.044626996584626,91.30591415378889,119,52,0.2474766764941295,0.1650143891728744,,,,,,,,,,,,,
136,5195.329924395746,7714.0,858.888348860431,13768.218273256178,0.1693373754194778,4.092122410431358,93.56197478774067,57.860901814135445,90.96430982554268,91,64,0.2226748141806967,0.16933737541934582,3723.241155628288,7480.0,1113.931517538817,12317.172673167104,0.1650143891729267,4.085085718558623,92.13328849630683,56.22645029301251,90.27166791849173,68,62,0.19711689726156284,0.16501438917287192,,,,,,,,,,,,,
137,4281.823805589856,7798.999999999999,858.8131331367372,12939.636938726593,0.16933737541947777,4.09674628916499,93.50286002322973,58.50111921514502,91.36194812043459,96,64,0.23582289165347356,0.16933737541934607,6160.249501931497,7530.0,1105.3146070655916,14795.56410899709,0.16501438917292663,4.115459557041284,94.02327480600059,56.08641588812464,90.9431311634771,124,60,0.2559437084671827,0.1650143891728756,,,,,,,,,,,,,
138,5088.0805932595995,7673.0,862.4798996668133,13623.560492926412,0.1693373754194786,4.151888634758811,94.33421135623516,57.727220270468884,91.79017105960538,94,51,0.25788390783894194,0.169337375419348,3990.238893161088,7397.0,1105.3146070655916,12492.553500226679,0.16501438917292663,4.085712677891335,92.47447073242435,55.30268880034524,90.47935128584379,96,59,0.21397785967438185,0.1650143891728715,,,,,,,,,,,,,
139,6780.923302151024,7779.000000000001,859.132799962436,15419.056102113462,0.16933737541947785,4.10235773277706,94.6290588091656,58.30789877918138,91.23859715809037,89,64,0.2624143281069689,0.16933737541934615,6477.003606804699,7453.0,1116.7711812174934,15046.774788022194,0.16501438917292674,4.124793571205705,94.96285415661667,55.56434461357581,91.72435235321414,95,60,0.2767278015519022,0.1650143891728737,,,,,,,,,,,,,
140,4866.062465770598,7794.0,858.4746623801146,13518.537128150712,0.16933737541947771,4.1298682218171265,94.02049994492786,58.487110994937844,91.5874687120422,94,41,0.24901600808557395,0.16933737541934415,4836.861418286144,7611.0,1115.1555105037637,13563.01692878991,0.16501438917292674,4.132879024961758,93.8140451871292,57.46077339358433,91.39561447798647,97,65,0.2507113931888913,0.16501438917287223,,,,,,,,,,,,,
141,6708.737574918595,7758.0,859.3960549953646,15326.13362991396,0.1693373754194779,4.130185476947731,94.76848460818421,59.22248613424921,91.41411582072512,97,62,0.25056529763076424,0.16933737541934693,6761.634819816746,7354.000000000001,1106.6365194677342,15222.271339284482,0.16501438917292666,4.199946539960865,95.0743444088209,54.729849135063006,91.69352699891245,90,56,0.274563171260757,0.16501438917287428,,,,,,,,,,,,,
142,3703.80052652419,7702.0,859.8849571993748,12265.685483723564,0.16933737541947802,4.150516710186445,93.40137497111823,58.98493311003019,91.54947470785602,85,63,0.23938513299855527,0.1693373754193447,5255.303350521923,7490.000000000001,1113.17264190055,13858.475992422473,0.1650143891729267,4.1194104750064815,93.52576513854984,56.246928342416915,90.89811346328905,96,51,0.2431229401281256,0.16501438917287295,,,,,,,,,,,,,
143,4631.017681421399,7683.0,856.4814457022271,13170.499127123629,0.16933737541947724,4.131107033288814,92.40475334663964,58.21253875972491,90.08924450592885,94,52,0.2136492451153864,0.16933737541934815,6249.467591228071,7615.000000000001,1117.7503755894509,14982.217966817521,0.16501438917292677,4.112376183125041,94.44139206883379,57.8382619359352,91.31665827322031,93,63,0.2433213609328409,0.16501438917287511,,,,,,,,,,,,,
144,7180.45021672525,7608.0,853.6044442709363,15642.05466099619,0.16933737541947658,4.108670445389428,94.43194541342272,57.07532821587795,90.84172030506046,92,42,0.26448280244322736,0.1693373754193463,5033.471688154486,7631.999999999999,1118.803009539305,13784.274697693792,0.16501438917292677,4.068918814873155,93.79219989123676,58.01805188270163,91.27546404715909,91,54,0.23550687958048172,0.1650143891728727,,,,,,,,,,,,,
145,10286.327380583665,7756.0,861.7277424298746,18904.05512301354,0.16933737541947844,4.204421211787996,96.67989083488726,58.01927970832603,91.53668229835284,107,65,0.29068496644267294,0.16933737541935018,5228.77211336927,7295.999999999999,1099.0477630850642,13623.819876454334,0.16501438917292657,4.129367365276436,92.47935615977481,54.55314086184491,89.86497010309077,100,52,0.21493730553085766,0.16501438917287375,,,,,,,,,,,,,
146,9411.967234524158,7809.0,868.5535693550936,18089.520803879248,0.16933737541947996,4.146768777311653,97.39491419107212,59.56275252776913,92.68893057380991,87,73,0.3249906492115016,0.1693373754193488,2687.859261647787,7353.0,1108.227710322165,11149.086971969951,0.16501438917292666,4.061684360631224,90.86812255571392,53.96128341681033,89.52419292489,95,64,0.1622349453379777,0.1650143891728746,,,,,,,,,,,,,
147,6227.409663903691,7792.0,860.5618987126196,14879.97156261631,0.1693373754194782,4.134132974626872,94.50746845969358,59.486558594050095,91.39368769939527,106,55,0.261236343994389,0.169337375419345,5432.687442908153,7480.0,1108.6438679302469,14021.331310838399,0.16501438917292666,4.122018257392275,93.17200842270586,55.50891011067288,90.45566470125246,74,45,0.2342754895764109,0.16501438917287267,,,,,,,,,,,,,
148,6219.294422352041,7542.0,858.2302112781096,14619.52463363015,0.16933737541947766,4.148664372049586,94.18520764375482,56.465180322944434,91.07556043257917,100,44,0.2529116387667358,0.16933737541934366,3865.506500904771,7525.0,1106.4162007340437,12496.922701638816,0.16501438917292666,4.0778048332970585,91.80057201038993,56.21015571648989,89.86781875993782,92,68,0.2020718098358726,0.16501438917287245,,,,,,,,,,,,,
149,5169.613866567452,7720.999999999999,861.8781738772624,13752.492040444717,0.16933737541947846,4.154489987826633,94.05622171142157,57.59295962016204,91.47141477813808,75,60,0.24343231337397708,0.16933737541934524,6539.439126749329,7526.000000000001,1112.9033634482616,15178.34249019759,0.1650143891729267,4.129839673965506,94.8854364766,57.106071025604685,91.61571336272458,119,49,0.28056002429748744,0.16501438917287303,,,,,,,,,,,,,
150,5286.501070100781,7694.0,862.9688018708234,13843.469871971603,0.16933737541947871,4.109918279772965,94.72620500178945,57.97776331081877,92.08295446673957,83,68,0.2631006780532783,0.16933737541934638,4367.227992821575,7465.000000000001,1115.4982285339488,12947.726221355524,0.16501438917292674,4.104631047203866,92.3422416594719,55.96876094264994,90.1579469558949,111,60,0.21322692904839585,0.16501438917287317,,,,,,,,,,,,,
151,5854.026864131263,7764.0,849.2795401585387,14467.306404289804,0.16933737541947558,4.144322777637061,93.42423096650516,58.666029635192565,90.4972175344397,90,43,0.25467116138853774,0.1693373754193469,7196.3707782222245,7443.000000000001,1116.3060638908137,15755.676842113038,0.16501438917292674,4.133479343564894,94.57765047705551,54.945325035633566,90.9794650879442,80,52,0.24511740996389894,0.16501438917287406,,,,,,,,,,,,,
152,5723.839418505768,7944.0,864.4731163447011,14532.312534850471,0.16933737541947905,4.125867267896835,94.85994376334784,58.3698113458946,91.99802405409463,85,55,0.27561053023097326,0.16933737541934676,4784.3460345936,7616.0,1119.1212477101913,13519.46728230379,0.16501438917292677,4.098470536986787,93.7429101309595,55.95767669223154,91.35073711366387,85,53,0.2395100321752664,0.16501438917287195,,,,,,,,,,,,,
153,5390.37846443068,7831.999999999999,866.1842740587366,14088.562738489414,0.16933737541947944,4.103190663698364,94.10168698689749,58.76613392752807,91.40649775468194,86,53,0.2594839133124062,0.16933737541934793,4100.094566381167,7330.0,1112.364806543685,12542.459372924852,0.1650143891729267,4.14885774921288,92.99947782367164,55.309976853151774,90.94943054048008,83,51,0.20144768655791734,0.16501438917287134,,,,,,,,,,,,,
154,7759.383784113023,7881.999999999999,865.0560382033285,16506.43982231635,0.16933737541947919,4.177706994330102,95.46283718394504,58.316474919499875,91.58314529188904,93,47,0.2677367652309456,0.1693373754193468,2738.17577291801,7375.0,1104.776050161015,11217.951823079025,0.16501438917292663,4.095903650464415,91.65112952108217,55.08241167714009,90.28204163462246,81,51,0.18650170358047752,0.16501438917287217,,,,,,,,,,,,,
155,3857.2085328470353,7643.000000000001,859.5464864427523,12359.755019289787,0.16933737541947794,4.0911152949902165,92.55729612189245,57.334102178990506,90.62869185546985,88,66,0.20326706429888305,0.1693373754193475,6636.384567188401,7480.0,1113.3440009156425,15229.728568104041,0.1650143891729267,4.135228219994287,94.46621776560943,55.774131037172936,91.148025482015,87,64,0.22513654820467388,0.1650143891728746,,,,,,,,,,,,,
156,6234.3835864947205,7768.000000000001,862.3106642885022,14864.694250783223,0.16933737541947858,4.112554386953521,94.4014488352491,57.743690685804225,91.28425704200195,88,67,0.2653984037447058,0.16933737541934543,3858.00879860932,7456.0,1107.9829117291756,12421.991710338496,0.16501438917292666,4.132383985177399,93.0471506119378,55.7719734798989,91.11814621263295,91,57,0.21111392499473663,0.1650143891728744,,,,,,,,,,,,,
157,5251.52286899069,7717.0,857.2900147319361,13825.812883722629,0.16933737541947744,4.11737475555525,93.48897252815462,58.345359347866044,90.86321109365954,94,65,0.2504667146329459,0.16933737541934665,4206.857410077182,7419.0,1110.528817096265,12736.386227173447,0.16501438917292668,4.100367920224435,92.60733307394506,56.233929470750056,90.50390436890656,93,65,0.21808845484885434,0.1650143891728729,,,,,,,,,,,,,
158,4713.10701171626,7597.0,856.9703479062373,13167.077359622495,0.16933737541947735,4.079544683588918,93.0237357637992,56.8892866329304,90.66718225794105,90,67,0.2149697328884466,0.1693373754193474,6449.30576544145,7581.999999999999,1110.088179628884,15141.393945070335,0.16501438917292668,4.138336874522784,94.19276181010166,56.95343227158003,90.96810892738122,99,63,0.2521436736281571,0.1650143891728735,,,,,,,,,,,,,
159,6064.780657138678,7828.0,861.7089384989513,14754.489595637631,0.16933737541947844,4.1264958679896715,94.57375765527912,58.50723788566569,91.54124689641023,133,57,0.2724151155129181,0.16933737541934457,3730.664065461605,7333.0,1103.9682148041502,12167.632280265754,0.16501438917292663,4.153463397569088,92.3419148549017,56.167896169651186,90.4765828221711,97,59,0.21352176132366593,0.16501438917287445,,,,,,,,,,,,,
160,4484.072796265704,7653.0,853.3599931689313,12990.432789434635,0.16933737541947652,4.130388362958699,92.69898926768668,57.68506888086778,90.45695286955436,99,47,0.21704038156584046,0.16933737541934585,6061.360352228906,7418.000000000001,1118.2644526347285,14597.624804863633,0.16501438917292677,4.131863032520335,94.69538574619568,55.81850840816705,91.66470557008134,82,61,0.2652537194880416,0.1650143891728759,,,,,,,,,,,,,
161,4605.978531175984,7625.0,851.9496983496712,13082.928229525658,0.16933737541947622,4.117947943499323,92.97536526406645,58.236296131155605,90.6723759984786,91,59,0.2188708060712496,0.16933737541934815,3472.0272302159638,7614.0,1117.9217346045434,12203.948964820509,0.16501438917292677,4.083773649618656,92.58921319779643,57.4303614202911,90.85317200622798,120,59,0.20709155580701397,0.16501438917287514,,,,,,,,,,,,,
162,4816.500178085513,7594.0,855.1463666066608,13265.646544692174,0.16933737541947694,4.205505636128221,93.1244289744884,55.83514673031475,90.71600786127678,136,53,0.2228803109545909,0.16933737541934374,6077.215872124379,7384.999999999999,1106.9302777793214,14569.146149903701,0.16501438917292666,4.135277466576888,94.08897244329125,54.39128496479826,91.05035956440295,106,53,0.2511326624644854,0.1650143891728735,,,,,,,,,,,,,
163,6364.713313202088,7673.999999999999,859.9037611302982,14898.617074332387,0.16933737541947802,4.1015466260339375,94.32312797443589,56.95207080268258,91.1407713178345,87,61,0.2527394055054849,0.16933737541934485,7872.912471479127,7656.0,1119.1457275694902,16648.058199048617,0.16501438917292677,4.2002772455131225,96.1000149234922,58.016728582871636,92.16355801866837,108,56,0.3092776134983344,0.1650143891728743,,,,,,,,,,,,,
164,4204.780478080875,7763.0,859.7721336138341,12827.552611694711,0.169337375419478,4.087831061162359,92.89552536402373,58.66028503955967,90.79313512498263,75,66,0.23616267823966733,0.16933737541934873,8788.041255517157,7605.0,1117.9462144638424,17510.987469981,0.16501438917292677,4.224977339240238,96.35924725624413,57.051338228658864,91.96522662848567,95,46,0.2939524619010996,0.1650143891728743,,,,,,,,,,,,,
165,8003.433600681993,7693.000000000001,859.3960549953646,16555.829655677357,0.1693373754194779,4.19283727866366,95.73199185949375,57.30426145875448,91.73027505915344,91,55,0.26440655456913487,0.16933737541934385,5721.43659262417,7456.999999999999,1117.6279762929562,14296.064568917125,0.16501438917292677,4.074910374163275,93.52507385953237,57.39529677256697,90.66432274840052,104,65,0.25040928157150527,0.1650143891728732,,,,,,,,,,,,,
166,6370.992699613404,7605.0,856.8763282516197,14832.869027865025,0.16933737541947733,4.0982366724101675,94.14186551484055,56.00121606867542,90.95636916503342,82,54,0.2309591480136415,0.16933737541934488,4147.80354877186,7448.0,1104.6536508645204,12700.45719963638,0.16501438917292663,4.157770483696061,92.4964592253754,55.91476067013963,90.42255745098906,97,59,0.21442345197613444,0.16501438917287242,,,,,,,,,,,,,
167,7148.828850844538,7845.0,866.9928430884457,15860.821693932985,0.16933737541947963,4.167027569622905,95.82715835546321,59.394509256173414,92.25274393004086,96,52,0.30948623950090565,0.1693373754193456,6016.127829445764,7470.999999999999,1120.4921198309316,14607.619949276695,0.1650143891729268,4.127254307362412,95.09695011460825,56.6621903798844,92.08888619988585,100,64,0.2939301103811199,0.16501438917287142,,,,,,,,,,,,,
168,4777.615029480118,7905.0,865.074842134252,13547.689871614371,0.16933737541947919,4.079060525682845,94.12595201659282,59.01840181671513,91.7371445018532,83,54,0.2475333613047086,0.1693373754193464,4453.682969648819,7433.0,1113.6622390865286,13000.345208735347,0.1650143891729267,4.074753623187256,93.02698674887039,55.13675077358924,90.80014526404644,100,54,0.2260134098551258,0.1650143891728695,,,,,,,,,,,,,
169,5980.902196332303,7705.0,857.6284854885586,14543.530681820861,0.16933737541947752,4.169775584202134,94.41577942077804,58.56068611855581,91.42532832261114,77,62,0.2543846825431706,0.16933737541934568,6994.213135340122,7561.0,1113.1971217598489,15668.41025709997,0.1650143891729267,4.101863151417616,94.17752614613117,56.689128896173294,90.68041957846047,100,54,0.2597179798395505,0.16501438917287073,,,,,,,,,,,,,
170,5407.965680768152,7791.0,859.5276825118289,14058.493363279982,0.16933737541947794,4.072436430359201,93.61386765720772,58.97239654059996,90.90985131601322,102,70,0.24495181011245257,0.16933737541934646,2659.615276664659,7356.0,1097.8237701201174,11113.439046784777,0.16501438917292655,4.116423665051267,91.41396749642932,54.34088699435651,90.08415490333486,102,39,0.18761485012072648,0.16501438917286973,,,,,,,,,,,,,
171,6551.084434231729,7589.0,860.054192577686,15000.138626809414,0.16933737541947805,4.152944785802054,94.96917733585431,57.0868819083288,91.69344047073736,110,46,0.29449970869923947,0.16933737541934424,5362.879346464174,7397.0,1110.5532969555638,13870.43264341974,0.16501438917292668,4.150570355509648,94.13590156933331,55.20539754409137,91.45446189610179,100,43,0.2576263460698227,0.1650143891728712,,,,,,,,,,,,,
172,6493.087544979158,7637.0,854.394209369722,14984.48175434888,0.16933737541947677,4.1413094685591965,94.63389896400983,57.395916794334624,91.38735519151986,90,63,0.29144684863824455,0.16933737541934607,6906.898068183563,7641.0,1124.8495347861422,15672.747602969705,0.16501438917292685,4.134598644043917,95.9519164456346,57.233375163385524,92.49846741154272,91,69,0.30136542104441494,0.16501438917287317,,,,,,,,,,,,,
173,9107.321437007507,7687.0,862.7431546997419,17657.06459170725,0.16933737541947866,4.149478476142892,96.77307508331316,57.38462722799454,92.21941436481015,99,58,0.3293961811240364,0.1693373754193462,5785.586539413104,7519.0,1114.6169535991871,14419.20349301229,0.16501438917292674,4.109867522217554,93.63519594753018,57.03414958611447,90.74240267782496,73,65,0.24348168722348418,0.16501438917287262,,,,,,,,,,,,,
174,6201.349483225027,7888.0,867.4629413615324,14956.812424586558,0.1693373754194797,4.115284052760812,94.99974620477727,58.497557408056586,91.89907146316462,90,65,0.27006055072351476,0.16933737541934596,7046.1726396342865,7644.0,1121.2999551877965,15811.47259482208,0.1650143891729268,4.147666355805871,95.27646049711612,57.97646595854749,91.75337417729892,81,70,0.27465866084494733,0.1650143891728721,,,,,,,,,,,,,
175,6189.168167209864,7606.0,859.170407824283,14654.338575034148,0.16933737541947785,4.142902988414892,94.4009187706957,56.97858261261665,91.3063346870907,92,48,0.24292631774824716,0.16933737541934632,2806.4290315208477,7559.999999999999,1112.4627259808808,11478.891757501728,0.1650143891729267,4.110450434892053,91.26744703415818,56.45631981964683,89.86423251839743,90,59,0.17275273315582684,0.16501438917287256,,,,,,,,,,,,,
176,4064.2392455253676,7813.0,858.9823685150483,12736.221614040416,0.16933737541947783,4.112418522757849,92.85641475804849,58.17213019529848,90.82429513528591,88,56,0.21619085697679052,0.16933737541934707,5751.207906645139,7595.999999999999,1126.1469673289857,14473.354873974122,0.16501438917292685,4.130750430412034,95.25913465750685,57.76921969998243,92.383524700155,102,55,0.2804616028454121,0.16501438917287248,,,,,,,,,,,,,
177,6937.471925855888,7645.0,854.187366129564,15436.659291985452,0.16933737541947672,4.141353324712662,94.47053672479612,57.335941569927606,91.00153138313578,144,58,0.27488322582864044,0.16933737541934615,4716.176962122205,7395.999999999999,1113.0012828854574,13225.178245007663,0.1650143891729267,4.13948551124812,93.27784115463422,55.958035972092816,90.91975267357284,89,62,0.24444270366995932,0.16501438917287317,,,,,,,,,,,,,
178,11187.334580580213,7892.0,873.423787464272,19952.758368044484,0.16933737541948105,4.244572654709321,98.31259750617077,59.5164883700939,92.71749608145599,156,57,0.3371248446877709,0.1693373754193452,7268.845122333849,7534.0,1116.4284631873084,15919.273585521156,0.16501438917292674,4.1349223989714945,95.32324643133461,56.09603189449018,91.6883522197807,130,66,0.2722288200707359,0.16501438917287548,,,,,,,,,,,,,
179,7126.724387282816,7831.999999999999,863.0064097326704,15821.730797015487,0.16933737541947871,4.103230720262443,95.51772395643641,59.25476540488497,91.95436176279472,78,64,0.28748886088081405,0.169337375419344,3268.7022871906843,7402.0,1103.8947752262534,11774.597062416939,0.16501438917292663,4.119768741209302,91.89837004513346,55.92224391052029,90.26401890153795,95,51,0.19457073609700934,0.1650143891728734,,,,,,,,,,,,,
180,6462.847565337076,7701.000000000001,861.1636245021707,15025.011189839248,0.1693373754194783,4.094585381601653,94.72634069060562,57.22014145062633,91.49491690793678,90,63,0.2693167177157754,0.16933737541934668,5572.989813474675,7769.0,1129.7455066459293,14471.735320120606,0.16501438917292688,4.10807790593868,94.81341667582836,58.64466248914177,92.0269217690911,83,53,0.2723259662546245,0.165014389172873,,,,,,,,,,,,,
181,4116.389202057019,7829.000000000001,862.3482721503491,12807.737474207368,0.16933737541947858,4.079745663847557,93.00338665241036,59.82507587175843,90.94519205138221,82,59,0.20862926317156816,0.16933737541934188,6497.531574954144,7723.0,1116.6243020616998,15337.155877015846,0.16501438917292674,4.0940388840358315,94.93522890996009,58.90862551132317,91.6864234483912,105,52,0.278319079167553,0.16501438917287303,,,,,,,,,,,,,
182,6418.980945405403,7686.0,856.0113474291404,14960.992292834544,0.16933737541947713,4.137084251671681,94.16981118977665,57.53116285661037,90.960320717074,61,65,0.24953638258864802,0.16933737541934263,7516.100146974395,7425.0,1109.7209817394,16050.821128713795,0.16501438917292668,4.154572240318563,94.38253066078398,56.50306266371567,90.62448058729686,92,47,0.23016912296230727,0.16501438917287356,,,,,,,,,,,,,
183,4545.101513381743,7722.0,858.6062898965789,13125.70780327832,0.16933737541947774,4.121113458788963,92.96885273920962,58.36246505582036,90.69630198251902,92,53,0.23336101677359394,0.16933737541934646,5678.897322134351,7595.0,1119.586365036871,14393.483687171221,0.1650143891729268,4.119778283085429,94.81625692522002,56.41614866964133,91.97680826415296,82,50,0.26977094411947905,0.16501438917287442,,,,,,,,,,,,,
184,5627.371693221246,7897.0,867.4629413615324,14391.834634582778,0.1693373754194797,4.0999968347281195,94.35806710716201,60.50076484861481,91.54438126055182,81,55,0.2580466552467765,0.16933737541934507,6778.440253967266,7480.0,1115.3023896595573,15373.742643626823,0.16501438917292674,4.1070814907071975,94.73883572355496,55.79730582791033,91.34961559657184,93,51,0.27374700171851507,0.16501438917287342,,,,,,,,,,,,,
185,6857.126141564892,7984.999999999999,872.0322965759353,15714.158438140828,0.16933737541948074,4.1485063304326095,96.4528748060322,58.674823858674166,93.02431173524866,95,64,0.3272363619654852,0.16933737541934604,4397.621773453862,7288.0,1110.896014985749,12796.51778843961,0.16501438917292668,4.078797841632232,92.73203792087489,54.70152619624613,90.5332270341476,88,62,0.20721507224157654,0.16501438917287475,,,,,,,,,,,,,
186,3298.1129616643075,7625.0,854.1497582677171,11777.262719932025,0.16933737541947672,4.065057558360531,91.77487067855341,57.12806353259221,90.12581419772192,92,63,0.19540431797128305,0.16933737541934635,6238.804323224946,7504.000000000001,1118.1420533382338,14860.94637656318,0.16501438917292677,4.160344947966412,94.55619845594103,55.75515798144471,91.43679629432822,100,54,0.2723733393492903,0.16501438917287473,,,,,,,,,,,,,
187,5683.412030962043,7759.999999999999,858.6815056202728,14302.093536582317,0.16933737541947774,4.143526354866177,94.56817490889182,57.11346662912074,91.72628713771822,130,41,0.2741890592676922,0.16933737541934676,3694.740243545121,7383.0,1107.493314543197,12185.23355808832,0.16501438917292666,4.084407492382176,91.83935542344526,54.8361177300027,89.99198530167271,78,61,0.1893851658478086,0.1650143891728752,,,,,,,,,,,,,
188,8881.232059557411,7684.0,859.9037611302982,17425.135820687712,0.16933737541947802,4.190528769964238,96.72272849092494,56.83181100484944,92.28161723501442,120,53,0.3339468751072651,0.1693373754193475,6191.919692146119,7505.0,1119.1702074287891,14816.089899574908,0.16501438917292677,4.137792240872497,94.70964100579616,57.07707384963242,91.61368115972269,98,60,0.2756691923406223,0.16501438917287456,,,,,,,,,,,,,
189,4427.042786049322,7798.0,860.2986436796912,13085.341429729013,0.1693373754194781,4.124531881550641,93.63287781588568,58.037741117230134,91.41935642286195,86,70,0.24556115178565552,0.1693373754193478,6895.395917513629,7547.0,1115.791986845536,15558.187904359163,0.16501438917292674,4.105374917211179,94.21742525360021,57.36087138426256,90.76972729484363,93,55,0.23129834125192578,0.1650143891728719,,,,,,,,,,,,,
190,4107.235364123057,7827.0,861.1260166403235,12795.361380763381,0.1693373754194783,4.142500865559437,93.47711778748855,59.861963489300116,91.42350010542745,87,59,0.23137839481575895,0.1693373754193476,4662.296072990265,7519.0,1118.9743685543976,13300.270441544662,0.16501438917292677,4.107410317282478,93.17199158619775,55.65673322739095,90.84084354970179,96,60,0.22436940998369811,0.1650143891728737,,,,,,,,,,,,,
191,3331.2758474093384,7531.0,850.9530900107274,11713.228937420066,0.16933737541947597,4.089910912336631,92.1864734757333,56.91686873872849,90.52083555202825,88,75,0.1937235357259981,0.16933737541934496,4037.136867700307,7477.0,1110.0392199102862,12624.176087610593,0.16501438917292668,4.0682562952722705,92.4700997087721,56.61029801923077,90.45153127492179,84,53,0.21204157861502518,0.16501438917287248,,,,,,,,,,,,,
192,8288.332893936893,7662.0,863.1568411800582,16813.489735116953,0.16933737541947877,4.196024623757596,95.42508507684033,56.999239470861895,91.28091862987151,91,50,0.2632306516937226,0.16933737541934804,5914.800036839282,7406.0,1114.7148730363829,14435.514909875665,0.16501438917292674,4.083776509249967,94.09011257395161,56.12766025809071,91.13271255553218,99,49,0.2728759267127676,0.16501438917287473,,,,,,,,,,,,,
193,6222.136891830303,7903.0,864.191057380849,14989.327949211152,0.169337375419479,4.130180691084855,94.5633006255577,58.82779770921894,91.452232179642,90,62,0.2578874407350255,0.16933737541934715,4505.099068032805,7544.0,1111.973128794902,13161.072196827707,0.1650143891729267,4.104062780350506,93.4612823634985,56.47556188768148,91.20845399933202,116,66,0.24106551428341394,0.1650143891728751,,,,,,,,,,,,,
194,7567.139767993599,7781.999999999999,867.3501177759917,16216.48988576959,0.16933737541947969,4.171596031568178,96.45826418271837,57.566633610206566,92.6746942987208,98,45,0.3121818624804941,0.1693373754193488,4396.969003460214,7509.999999999999,1111.4100920310266,13018.37909549124,0.16501438917292668,4.047560245424936,92.68694583926349,55.837932949394165,90.48818539919382,116,63,0.2192827158839374,0.16501438917287536,,,,,,,,,,,,,
195,6118.1994016544895,7834.0,861.4268795350991,14813.626281189587,0.16933737541947838,4.178754716265586,94.60544721999997,59.37350653806068,91.54632275768837,115,50,0.2656820907169972,0.16933737541934524,4574.7217511289755,7459.0,1108.594908211649,13142.316659340626,0.16501438917292666,4.075603234997014,92.74231708936351,55.6392936732507,90.45495621379915,92,65,0.21861116937274527,0.16501438917287245,,,,,,,,,,,,,
196,6969.805759571811,7651.000000000001,862.5927232523543,15483.398482824165,0.16933737541947863,4.14490903979085,95.49182180377147,57.50243431892677,92.00691892398558,88,66,0.29876679194812583,0.1693373754193454,5252.808832646102,7456.999999999999,1111.1897732973362,13820.998605943438,0.16501438917292668,4.096976567098517,93.16871067943022,56.99886098277174,90.54229616177865,101,56,0.21113929490200323,0.1650143891728726,,,,,,,,,,,,,
197,2787.290851041547,7792.0,859.3772510644411,11438.668102105989,0.1693373754194779,4.0698515925065095,92.15971404118179,58.357137867884354,90.76606861566174,99,61,0.19422601613633902,0.1693373754193491,7255.039431129628,7645.999999999999,1118.827489398604,16019.86692052823,0.16501438917292677,4.145212395326753,95.5968310580578,57.73898719499313,91.9693044887804,101,55,0.2975069585152266,0.16501438917287037,,,,,,,,,,,,,
198,9549.821525145035,7880.0,863.4765080057571,18293.298033150793,0.16933737541947882,4.159114721117829,96.85409441131327,59.31690566983018,92.07911938975958,128,74,0.31733763280174115,0.16933737541934718,3313.6959677197838,7356.0,1109.1334651162256,11778.82943283601,0.16501438917292668,4.1263601040051086,92.57900743305687,55.61259297338012,90.92215944919693,87,66,0.21085662045658296,0.16501438917287234,,,,,,,,,,,,,
199,8161.1643278964875,7868.000000000001,867.5757649470733,16896.74009284356,0.16933737541947974,4.145264153210332,95.99715750694682,60.03690896379754,91.91657534299826,80,53,0.29239585316138006,0.16933737541934407,4700.386111670006,7439.0,1109.0845053976277,13248.470617067633,0.16501438917292668,4.141095320253094,93.58357478010305,55.370594765357374,91.23338172426773,98,41,0.23892289185469306,0.16501438917287325,,,,,,,,,,,,,
